fecha,cod,prov,lng,lat,paro
2023-5,05,Ávila,-4.946,40.571,8788
2023-5,09,Burgos,-3.586,42.367,14351
2023-5,24,León,-5.841,42.62,22295
2023-5,34,Palencia,-4.535,42.37,6613
2023-5,47,Valladolid,-4.847,41.634,24002
2023-5,40,Segovia,-4.055,41.171,5335
2023-5,42,Soria,-2.589,41.621,2774
2023-5,49,Zamora,-5.979,41.727,9090
2023-5,07,Castilla León,-4.397,41.835,111055
2023-5,37,Salamanca,-6.066,40.805,17807
2023-4,05,Ávila,-4.946,40.571,8990
2023-4,47,Valladolid,-4.847,41.634,25105
2023-4,07,Castilla León,-4.397,41.835,115514
2023-4,09,Burgos,-3.586,42.367,15020
2023-4,37,Salamanca,-6.066,40.805,18502
2023-4,49,Zamora,-5.979,41.727,9403
2023-4,24,León,-5.841,42.62,22990
2023-4,34,Palencia,-4.535,42.37,7029
2023-4,40,Segovia,-4.055,41.171,5475
2023-4,42,Soria,-2.589,41.621,3000
2023-3,09,Burgos,-3.586,42.367,15478
2023-3,24,León,-5.841,42.62,23724
2023-3,34,Palencia,-4.535,42.37,7402
2023-3,47,Valladolid,-4.847,41.634,25861
2023-3,49,Zamora,-5.979,41.727,9731
2023-3,07,Castilla León,-4.397,41.835,119646
2023-3,40,Segovia,-4.055,41.171,5812
2023-3,05,Ávila,-4.946,40.571,9340
2023-3,37,Salamanca,-6.066,40.805,19174
2023-3,42,Soria,-2.589,41.621,3124
2023-2,05,Ávila,-4.946,40.571,9758
2023-2,09,Burgos,-3.586,42.367,16237
2023-2,37,Salamanca,-6.066,40.805,19700
2023-2,34,Palencia,-4.535,42.37,7707
2023-2,40,Segovia,-4.055,41.171,6041
2023-2,42,Soria,-2.589,41.621,3271
2023-2,49,Zamora,-5.979,41.727,10368
2023-2,07,Castilla León,-4.397,41.835,124092
2023-2,24,León,-5.841,42.62,24575
2023-2,47,Valladolid,-4.847,41.634,26435
2023-1,05,Ávila,-4.946,40.571,9893
2023-1,24,León,-5.841,42.62,24841
2023-1,37,Salamanca,-6.066,40.805,19787
2023-1,34,Palencia,-4.535,42.37,7816
2023-1,07,Castilla León,-4.397,41.835,125634
2023-1,09,Burgos,-3.586,42.367,16475
2023-1,40,Segovia,-4.055,41.171,6099
2023-1,42,Soria,-2.589,41.621,3318
2023-1,47,Valladolid,-4.847,41.634,26922
2023-1,49,Zamora,-5.979,41.727,10483
2022-12,24,León,-5.841,42.62,24130
2022-12,34,Palencia,-4.535,42.37,7602
2022-12,42,Soria,-2.589,41.621,3142
2022-12,47,Valladolid,-4.847,41.634,26318
2022-12,09,Burgos,-3.586,42.367,16004
2022-12,05,Ávila,-4.946,40.571,9615
2022-12,37,Salamanca,-6.066,40.805,19401
2022-12,40,Segovia,-4.055,41.171,5788
2022-12,49,Zamora,-5.979,41.727,9999
2022-12,07,Castilla León,-4.397,41.835,121999
2022-11,05,Ávila,-4.946,40.571,9736
2022-11,34,Palencia,-4.535,42.37,7568
2022-11,47,Valladolid,-4.847,41.634,26389
2022-11,07,Castilla León,-4.397,41.835,122936
2022-11,09,Burgos,-3.586,42.367,16042
2022-11,24,León,-5.841,42.62,24266
2022-11,40,Segovia,-4.055,41.171,5922
2022-11,42,Soria,-2.589,41.621,3148
2022-11,49,Zamora,-5.979,41.727,9983
2022-11,37,Salamanca,-6.066,40.805,19882
2022-10,49,Zamora,-5.979,41.727,9893
2022-10,07,Castilla León,-4.397,41.835,121382
2022-10,05,Ávila,-4.946,40.571,9567
2022-10,24,León,-5.841,42.62,23864
2022-10,40,Segovia,-4.055,41.171,5763
2022-10,09,Burgos,-3.586,42.367,15682
2022-10,34,Palencia,-4.535,42.37,7485
2022-10,37,Salamanca,-6.066,40.805,19695
2022-10,42,Soria,-2.589,41.621,2990
2022-10,47,Valladolid,-4.847,41.634,26443
2022-9,24,León,-5.841,42.62,23822
2022-9,40,Segovia,-4.055,41.171,5657
2022-9,47,Valladolid,-4.847,41.634,26108
2022-9,05,Ávila,-4.946,40.571,9409
2022-9,09,Burgos,-3.586,42.367,15320
2022-9,37,Salamanca,-6.066,40.805,19411
2022-9,42,Soria,-2.589,41.621,2928
2022-9,34,Palencia,-4.535,42.37,7340
2022-9,49,Zamora,-5.979,41.727,9631
2022-9,07,Castilla León,-4.397,41.835,119626
2022-8,34,Palencia,-4.535,42.37,7374
2022-8,07,Castilla León,-4.397,41.835,119083
2022-8,24,León,-5.841,42.62,23210
2022-8,40,Segovia,-4.055,41.171,5640
2022-8,42,Soria,-2.589,41.621,2843
2022-8,05,Ávila,-4.946,40.571,8975
2022-8,09,Burgos,-3.586,42.367,15398
2022-8,37,Salamanca,-6.066,40.805,19207
2022-8,47,Valladolid,-4.847,41.634,26913
2022-8,49,Zamora,-5.979,41.727,9523
2022-7,24,León,-5.841,42.62,23206
2022-7,34,Palencia,-4.535,42.37,7430
2022-7,40,Segovia,-4.055,41.171,5564
2022-7,49,Zamora,-5.979,41.727,9370
2022-7,05,Ávila,-4.946,40.571,8892
2022-7,09,Burgos,-3.586,42.367,14951
2022-7,37,Salamanca,-6.066,40.805,18700
2022-7,42,Soria,-2.589,41.621,2797
2022-7,47,Valladolid,-4.847,41.634,26539
2022-7,07,Castilla León,-4.397,41.835,117449
2022-6,24,León,-5.841,42.62,23443
2022-6,34,Palencia,-4.535,42.37,7466
2022-6,37,Salamanca,-6.066,40.805,18636
2022-6,49,Zamora,-5.979,41.727,9625
2022-6,07,Castilla León,-4.397,41.835,117658
2022-6,05,Ávila,-4.946,40.571,9142
2022-6,40,Segovia,-4.055,41.171,5573
2022-6,47,Valladolid,-4.847,41.634,25921
2022-6,09,Burgos,-3.586,42.367,14996
2022-6,42,Soria,-2.589,41.621,2856
2022-5,09,Burgos,-3.586,42.367,15574
2022-5,34,Palencia,-4.535,42.37,7813
2022-5,40,Segovia,-4.055,41.171,5799
2022-5,47,Valladolid,-4.847,41.634,26654
2022-5,37,Salamanca,-6.066,40.805,19393
2022-5,49,Zamora,-5.979,41.727,9996
2022-5,07,Castilla León,-4.397,41.835,122365
2022-5,05,Ávila,-4.946,40.571,9460
2022-5,24,León,-5.841,42.62,24612
2022-5,42,Soria,-2.589,41.621,3064
2022-4,09,Burgos,-3.586,42.367,16515
2022-4,37,Salamanca,-6.066,40.805,20062
2022-4,40,Segovia,-4.055,41.171,5943
2022-4,47,Valladolid,-4.847,41.634,27983
2022-4,49,Zamora,-5.979,41.727,10184
2022-4,24,León,-5.841,42.62,25512
2022-4,34,Palencia,-4.535,42.37,8078
2022-4,05,Ávila,-4.946,40.571,9713
2022-4,42,Soria,-2.589,41.621,3279
2022-4,07,Castilla León,-4.397,41.835,127269
2022-3,09,Burgos,-3.586,42.367,16810
2022-3,42,Soria,-2.589,41.621,3418
2022-3,49,Zamora,-5.979,41.727,10370
2022-3,05,Ávila,-4.946,40.571,9919
2022-3,24,León,-5.841,42.62,26252
2022-3,37,Salamanca,-6.066,40.805,20561
2022-3,40,Segovia,-4.055,41.171,6072
2022-3,47,Valladolid,-4.847,41.634,28472
2022-3,34,Palencia,-4.535,42.37,8279
2022-3,07,Castilla León,-4.397,41.835,130153
2022-2,05,Ávila,-4.946,40.571,10127
2022-2,09,Burgos,-3.586,42.367,16780
2022-2,24,León,-5.841,42.62,26047
2022-2,37,Salamanca,-6.066,40.805,20480
2022-2,42,Soria,-2.589,41.621,3361
2022-2,49,Zamora,-5.979,41.727,10456
2022-2,34,Palencia,-4.535,42.37,8414
2022-2,40,Segovia,-4.055,41.171,6319
2022-2,47,Valladolid,-4.847,41.634,28666
2022-2,07,Castilla León,-4.397,41.835,130650
2022-1,05,Ávila,-4.946,40.571,10175
2022-1,09,Burgos,-3.586,42.367,16918
2022-1,37,Salamanca,-6.066,40.805,20200
2022-1,42,Soria,-2.589,41.621,3493
2022-1,49,Zamora,-5.979,41.727,10337
2022-1,24,León,-5.841,42.62,25991
2022-1,34,Palencia,-4.535,42.37,8299
2022-1,40,Segovia,-4.055,41.171,6257
2022-1,47,Valladolid,-4.847,41.634,28399
2022-1,07,Castilla León,-4.397,41.835,130069
2021-12,09,Burgos,-3.586,42.367,17119
2021-12,24,León,-5.841,42.62,25791
2021-12,34,Palencia,-4.535,42.37,8413
2021-12,37,Salamanca,-6.066,40.805,19953
2021-12,42,Soria,-2.589,41.621,3318
2021-12,47,Valladolid,-4.847,41.634,28097
2021-12,49,Zamora,-5.979,41.727,9997
2021-12,05,Ávila,-4.946,40.571,10075
2021-12,40,Segovia,-4.055,41.171,6006
2021-12,07,Castilla León,-4.397,41.835,128769
2021-11,09,Burgos,-3.586,42.367,17169
2021-11,40,Segovia,-4.055,41.171,6005
2021-11,47,Valladolid,-4.847,41.634,28162
2021-11,24,León,-5.841,42.62,25805
2021-11,34,Palencia,-4.535,42.37,8377
2021-11,37,Salamanca,-6.066,40.805,20214
2021-11,49,Zamora,-5.979,41.727,9957
2021-11,05,Ávila,-4.946,40.571,10125
2021-11,42,Soria,-2.589,41.621,3268
2021-11,07,Castilla León,-4.397,41.835,129082
2021-10,05,Ávila,-4.946,40.571,10565
2021-10,42,Soria,-2.589,41.621,3319
2021-10,49,Zamora,-5.979,41.727,10424
2021-10,34,Palencia,-4.535,42.37,8771
2021-10,37,Salamanca,-6.066,40.805,21471
2021-10,40,Segovia,-4.055,41.171,6327
2021-10,07,Castilla León,-4.397,41.835,135968
2021-10,09,Burgos,-3.586,42.367,18154
2021-10,24,León,-5.841,42.62,27243
2021-10,47,Valladolid,-4.847,41.634,29694
2021-9,40,Segovia,-4.055,41.171,6608
2021-9,42,Soria,-2.589,41.621,3349
2021-9,47,Valladolid,-4.847,41.634,30610
2021-9,49,Zamora,-5.979,41.727,10412
2021-9,07,Castilla León,-4.397,41.835,138742
2021-9,05,Ávila,-4.946,40.571,10625
2021-9,24,León,-5.841,42.62,27777
2021-9,34,Palencia,-4.535,42.37,8774
2021-9,09,Burgos,-3.586,42.367,18567
2021-9,37,Salamanca,-6.066,40.805,22020
2021-8,05,Ávila,-4.946,40.571,11278
2021-8,09,Burgos,-3.586,42.367,20183
2021-8,34,Palencia,-4.535,42.37,9354
2021-8,42,Soria,-2.589,41.621,3723
2021-8,47,Valladolid,-4.847,41.634,33798
2021-8,49,Zamora,-5.979,41.727,11150
2021-8,24,León,-5.841,42.62,29019
2021-8,40,Segovia,-4.055,41.171,7224
2021-8,37,Salamanca,-6.066,40.805,23294
2021-8,07,Castilla León,-4.397,41.835,149023
2021-7,37,Salamanca,-6.066,40.805,23100
2021-7,07,Castilla León,-4.397,41.835,148067
2021-7,09,Burgos,-3.586,42.367,19682
2021-7,24,León,-5.841,42.62,29444
2021-7,42,Soria,-2.589,41.621,3738
2021-7,49,Zamora,-5.979,41.727,11074
2021-7,05,Ávila,-4.946,40.571,11320
2021-7,34,Palencia,-4.535,42.37,9273
2021-7,40,Segovia,-4.055,41.171,7159
2021-7,47,Valladolid,-4.847,41.634,33277
2021-6,05,Ávila,-4.946,40.571,11663
2021-6,24,León,-5.841,42.62,30102
2021-6,42,Soria,-2.589,41.621,3991
2021-6,47,Valladolid,-4.847,41.634,33372
2021-6,49,Zamora,-5.979,41.727,11423
2021-6,09,Burgos,-3.586,42.367,20212
2021-6,34,Palencia,-4.535,42.37,9563
2021-6,37,Salamanca,-6.066,40.805,23499
2021-6,40,Segovia,-4.055,41.171,7339
2021-6,07,Castilla León,-4.397,41.835,151164
2021-5,09,Burgos,-3.586,42.367,21298
2021-5,40,Segovia,-4.055,41.171,7969
2021-5,42,Soria,-2.589,41.621,4371
2021-5,47,Valladolid,-4.847,41.634,34961
2021-5,07,Castilla León,-4.397,41.835,160434
2021-5,37,Salamanca,-6.066,40.805,24900
2021-5,49,Zamora,-5.979,41.727,12371
2021-5,05,Ávila,-4.946,40.571,12537
2021-5,24,León,-5.841,42.62,31878
2021-5,34,Palencia,-4.535,42.37,10149
2021-4,05,Ávila,-4.946,40.571,13261
2021-4,34,Palencia,-4.535,42.37,10576
2021-4,47,Valladolid,-4.847,41.634,36782
2021-4,09,Burgos,-3.586,42.367,22709
2021-4,37,Salamanca,-6.066,40.805,25983
2021-4,40,Segovia,-4.055,41.171,8650
2021-4,42,Soria,-2.589,41.621,4580
2021-4,07,Castilla León,-4.397,41.835,168720
2021-4,24,León,-5.841,42.62,33022
2021-4,49,Zamora,-5.979,41.727,13157
2021-3,05,Ávila,-4.946,40.571,13345
2021-3,09,Burgos,-3.586,42.367,23190
2021-3,34,Palencia,-4.535,42.37,10777
2021-3,37,Salamanca,-6.066,40.805,25884
2021-3,42,Soria,-2.589,41.621,4732
2021-3,47,Valladolid,-4.847,41.634,37257
2021-3,49,Zamora,-5.979,41.727,13276
2021-3,24,León,-5.841,42.62,33657
2021-3,40,Segovia,-4.055,41.171,8875
2021-3,07,Castilla León,-4.397,41.835,170993
2021-2,24,León,-5.841,42.62,34673
2021-2,37,Salamanca,-6.066,40.805,26670
2021-2,47,Valladolid,-4.847,41.634,37761
2021-2,42,Soria,-2.589,41.621,4818
2021-2,49,Zamora,-5.979,41.727,13614
2021-2,05,Ávila,-4.946,40.571,13466
2021-2,09,Burgos,-3.586,42.367,23698
2021-2,34,Palencia,-4.535,42.37,10873
2021-2,40,Segovia,-4.055,41.171,9179
2021-2,07,Castilla León,-4.397,41.835,174752
2021-1,40,Segovia,-4.055,41.171,8991
2021-1,47,Valladolid,-4.847,41.634,37132
2021-1,24,León,-5.841,42.62,34648
2021-1,34,Palencia,-4.535,42.37,10847
2021-1,07,Castilla León,-4.397,41.835,173903
2021-1,05,Ávila,-4.946,40.571,13413
2021-1,09,Burgos,-3.586,42.367,23973
2021-1,37,Salamanca,-6.066,40.805,26649
2021-1,42,Soria,-2.589,41.621,4715
2021-1,49,Zamora,-5.979,41.727,13535
2020-12,09,Burgos,-3.586,42.367,22782
2020-12,37,Salamanca,-6.066,40.805,26014
2020-12,40,Segovia,-4.055,41.171,8830
2020-12,42,Soria,-2.589,41.621,4540
2020-12,07,Castilla León,-4.397,41.835,168706
2020-12,05,Ávila,-4.946,40.571,13101
2020-12,24,León,-5.841,42.62,33646
2020-12,34,Palencia,-4.535,42.37,10708
2020-12,47,Valladolid,-4.847,41.634,36002
2020-12,49,Zamora,-5.979,41.727,13083
2020-11,05,Ávila,-4.946,40.571,12715
2020-11,34,Palencia,-4.535,42.37,10043
2020-11,49,Zamora,-5.979,41.727,12539
2020-11,24,León,-5.841,42.62,33188
2020-11,37,Salamanca,-6.066,40.805,25654
2020-11,47,Valladolid,-4.847,41.634,34733
2020-11,09,Burgos,-3.586,42.367,21972
2020-11,40,Segovia,-4.055,41.171,8501
2020-11,42,Soria,-2.589,41.621,4342
2020-11,07,Castilla León,-4.397,41.835,163687
2020-10,24,León,-5.841,42.62,31914
2020-10,47,Valladolid,-4.847,41.634,34027
2020-10,34,Palencia,-4.535,42.37,9930
2020-10,37,Salamanca,-6.066,40.805,24926
2020-10,40,Segovia,-4.055,41.171,8053
2020-10,42,Soria,-2.589,41.621,4025
2020-10,49,Zamora,-5.979,41.727,12302
2020-10,05,Ávila,-4.946,40.571,12161
2020-10,09,Burgos,-3.586,42.367,21246
2020-10,07,Castilla León,-4.397,41.835,158584
2020-9,24,León,-5.841,42.62,31080
2020-9,49,Zamora,-5.979,41.727,11691
2020-9,07,Castilla León,-4.397,41.835,153384
2020-9,05,Ávila,-4.946,40.571,11754
2020-9,09,Burgos,-3.586,42.367,20300
2020-9,34,Palencia,-4.535,42.37,9597
2020-9,37,Salamanca,-6.066,40.805,24578
2020-9,40,Segovia,-4.055,41.171,7590
2020-9,42,Soria,-2.589,41.621,3805
2020-9,47,Valladolid,-4.847,41.634,32989
2020-8,05,Ávila,-4.946,40.571,11540
2020-8,09,Burgos,-3.586,42.367,21085
2020-8,49,Zamora,-5.979,41.727,11791
2020-8,24,León,-5.841,42.62,30506
2020-8,34,Palencia,-4.535,42.37,9986
2020-8,37,Salamanca,-6.066,40.805,24799
2020-8,40,Segovia,-4.055,41.171,7805
2020-8,42,Soria,-2.589,41.621,3867
2020-8,47,Valladolid,-4.847,41.634,34371
2020-8,07,Castilla León,-4.397,41.835,155750
2020-7,24,León,-5.841,42.62,31223
2020-7,34,Palencia,-4.535,42.37,9692
2020-7,42,Soria,-2.589,41.621,3866
2020-7,47,Valladolid,-4.847,41.634,33745
2020-7,49,Zamora,-5.979,41.727,11834
2020-7,05,Ávila,-4.946,40.571,11506
2020-7,37,Salamanca,-6.066,40.805,24725
2020-7,09,Burgos,-3.586,42.367,21012
2020-7,40,Segovia,-4.055,41.171,7720
2020-7,07,Castilla León,-4.397,41.835,155323
2020-6,05,Ávila,-4.946,40.571,12486
2020-6,09,Burgos,-3.586,42.367,22417
2020-6,34,Palencia,-4.535,42.37,10606
2020-6,40,Segovia,-4.055,41.171,8266
2020-6,49,Zamora,-5.979,41.727,12708
2020-6,24,León,-5.841,42.62,33170
2020-6,37,Salamanca,-6.066,40.805,26053
2020-6,07,Castilla León,-4.397,41.835,165481
2020-6,42,Soria,-2.589,41.621,4445
2020-6,47,Valladolid,-4.847,41.634,35330
2020-5,34,Palencia,-4.535,42.37,11004
2020-5,37,Salamanca,-6.066,40.805,26632
2020-5,47,Valladolid,-4.847,41.634,36327
2020-5,07,Castilla León,-4.397,41.835,170292
2020-5,49,Zamora,-5.979,41.727,13257
2020-5,05,Ávila,-4.946,40.571,12908
2020-5,09,Burgos,-3.586,42.367,23084
2020-5,24,León,-5.841,42.62,33787
2020-5,40,Segovia,-4.055,41.171,8743
2020-5,42,Soria,-2.589,41.621,4550
2020-4,24,León,-5.841,42.62,33238
2020-4,47,Valladolid,-4.847,41.634,35454
2020-4,09,Burgos,-3.586,42.367,22189
2020-4,34,Palencia,-4.535,42.37,10776
2020-4,37,Salamanca,-6.066,40.805,26222
2020-4,40,Segovia,-4.055,41.171,8329
2020-4,42,Soria,-2.589,41.621,4374
2020-4,05,Ávila,-4.946,40.571,12827
2020-4,49,Zamora,-5.979,41.727,12945
2020-4,07,Castilla León,-4.397,41.835,166354
2020-3,05,Ávila,-4.946,40.571,11988
2020-3,34,Palencia,-4.535,42.37,9872
2020-3,07,Castilla León,-4.397,41.835,152644
2020-3,09,Burgos,-3.586,42.367,20184
2020-3,37,Salamanca,-6.066,40.805,23587
2020-3,49,Zamora,-5.979,41.727,12091
2020-3,24,León,-5.841,42.62,31072
2020-3,40,Segovia,-4.055,41.171,7465
2020-3,42,Soria,-2.589,41.621,3930
2020-3,47,Valladolid,-4.847,41.634,32455
2020-2,05,Ávila,-4.946,40.571,11190
2020-2,49,Zamora,-5.979,41.727,11549
2020-2,09,Burgos,-3.586,42.367,18981
2020-2,34,Palencia,-4.535,42.37,9092
2020-2,42,Soria,-2.589,41.621,3646
2020-2,47,Valladolid,-4.847,41.634,30144
2020-2,07,Castilla León,-4.397,41.835,143723
2020-2,24,León,-5.841,42.62,29482
2020-2,37,Salamanca,-6.066,40.805,22660
2020-2,40,Segovia,-4.055,41.171,6979
2020-1,24,León,-5.841,42.62,29684
2020-1,34,Palencia,-4.535,42.37,9234
2020-1,37,Salamanca,-6.066,40.805,22733
2020-1,49,Zamora,-5.979,41.727,11540
2020-1,40,Segovia,-4.055,41.171,6972
2020-1,05,Ávila,-4.946,40.571,11251
2020-1,09,Burgos,-3.586,42.367,18993
2020-1,42,Soria,-2.589,41.621,3749
2020-1,47,Valladolid,-4.847,41.634,29749
2020-1,07,Castilla León,-4.397,41.835,143905
2019-12,05,Ávila,-4.946,40.571,11264
2019-12,09,Burgos,-3.586,42.367,18416
2019-12,34,Palencia,-4.535,42.37,9008
2019-12,42,Soria,-2.589,41.621,3671
2019-12,47,Valladolid,-4.847,41.634,29123
2019-12,49,Zamora,-5.979,41.727,11007
2019-12,07,Castilla León,-4.397,41.835,139874
2019-12,40,Segovia,-4.055,41.171,6720
2019-12,24,León,-5.841,42.62,28583
2019-12,37,Salamanca,-6.066,40.805,22082
2019-11,05,Ávila,-4.946,40.571,11178
2019-11,34,Palencia,-4.535,42.37,8609
2019-11,37,Salamanca,-6.066,40.805,22678
2019-11,49,Zamora,-5.979,41.727,10976
2019-11,40,Segovia,-4.055,41.171,6739
2019-11,42,Soria,-2.589,41.621,3656
2019-11,47,Valladolid,-4.847,41.634,28962
2019-11,07,Castilla León,-4.397,41.835,140973
2019-11,09,Burgos,-3.586,42.367,18909
2019-11,24,León,-5.841,42.62,29266
2019-10,09,Burgos,-3.586,42.367,18590
2019-10,47,Valladolid,-4.847,41.634,29237
2019-10,34,Palencia,-4.535,42.37,8541
2019-10,37,Salamanca,-6.066,40.805,22561
2019-10,40,Segovia,-4.055,41.171,6506
2019-10,49,Zamora,-5.979,41.727,10979
2019-10,07,Castilla León,-4.397,41.835,139536
2019-10,05,Ávila,-4.946,40.571,10867
2019-10,24,León,-5.841,42.62,28855
2019-10,42,Soria,-2.589,41.621,3400
2019-9,24,León,-5.841,42.62,27590
2019-9,40,Segovia,-4.055,41.171,6063
2019-9,42,Soria,-2.589,41.621,3107
2019-9,37,Salamanca,-6.066,40.805,21822
2019-9,47,Valladolid,-4.847,41.634,28226
2019-9,07,Castilla León,-4.397,41.835,132594
2019-9,05,Ávila,-4.946,40.571,10336
2019-9,09,Burgos,-3.586,42.367,17116
2019-9,34,Palencia,-4.535,42.37,8074
2019-9,49,Zamora,-5.979,41.727,10260
2019-8,09,Burgos,-3.586,42.367,16999
2019-8,24,León,-5.841,42.62,27185
2019-8,34,Palencia,-4.535,42.37,8063
2019-8,49,Zamora,-5.979,41.727,10100
2019-8,05,Ávila,-4.946,40.571,10052
2019-8,37,Salamanca,-6.066,40.805,21234
2019-8,42,Soria,-2.589,41.621,3105
2019-8,47,Valladolid,-4.847,41.634,29244
2019-8,40,Segovia,-4.055,41.171,5985
2019-8,07,Castilla León,-4.397,41.835,131967
2019-7,05,Ávila,-4.946,40.571,9978
2019-7,09,Burgos,-3.586,42.367,16549
2019-7,49,Zamora,-5.979,41.727,10227
2019-7,07,Castilla León,-4.397,41.835,131973
2019-7,37,Salamanca,-6.066,40.805,21014
2019-7,42,Soria,-2.589,41.621,3081
2019-7,24,León,-5.841,42.62,27714
2019-7,34,Palencia,-4.535,42.37,8165
2019-7,40,Segovia,-4.055,41.171,6050
2019-7,47,Valladolid,-4.847,41.634,29195
2019-6,40,Segovia,-4.055,41.171,6229
2019-6,42,Soria,-2.589,41.621,3122
2019-6,49,Zamora,-5.979,41.727,10828
2019-6,34,Palencia,-4.535,42.37,8172
2019-6,47,Valladolid,-4.847,41.634,28659
2019-6,05,Ávila,-4.946,40.571,10286
2019-6,09,Burgos,-3.586,42.367,16622
2019-6,24,León,-5.841,42.62,28263
2019-6,37,Salamanca,-6.066,40.805,21061
2019-6,07,Castilla León,-4.397,41.835,133242
2019-5,09,Burgos,-3.586,42.367,17588
2019-5,40,Segovia,-4.055,41.171,6658
2019-5,47,Valladolid,-4.847,41.634,29873
2019-5,24,León,-5.841,42.62,29583
2019-5,34,Palencia,-4.535,42.37,8627
2019-5,42,Soria,-2.589,41.621,3443
2019-5,07,Castilla León,-4.397,41.835,140411
2019-5,05,Ávila,-4.946,40.571,10933
2019-5,37,Salamanca,-6.066,40.805,22214
2019-5,49,Zamora,-5.979,41.727,11492
2019-4,40,Segovia,-4.055,41.171,6900
2019-4,49,Zamora,-5.979,41.727,11711
2019-4,05,Ávila,-4.946,40.571,11296
2019-4,34,Palencia,-4.535,42.37,9001
2019-4,37,Salamanca,-6.066,40.805,22685
2019-4,47,Valladolid,-4.847,41.634,31039
2019-4,09,Burgos,-3.586,42.367,18384
2019-4,24,León,-5.841,42.62,30497
2019-4,42,Soria,-2.589,41.621,3580
2019-4,07,Castilla León,-4.397,41.835,145093
2019-3,24,León,-5.841,42.62,31156
2019-3,34,Palencia,-4.535,42.37,9277
2019-3,37,Salamanca,-6.066,40.805,23405
2019-3,40,Segovia,-4.055,41.171,7105
2019-3,05,Ávila,-4.946,40.571,11508
2019-3,09,Burgos,-3.586,42.367,18984
2019-3,42,Soria,-2.589,41.621,3736
2019-3,47,Valladolid,-4.847,41.634,31622
2019-3,49,Zamora,-5.979,41.727,11974
2019-3,07,Castilla León,-4.397,41.835,148767
2019-2,24,León,-5.841,42.62,31894
2019-2,40,Segovia,-4.055,41.171,7150
2019-2,42,Soria,-2.589,41.621,3759
2019-2,07,Castilla León,-4.397,41.835,151065
2019-2,05,Ávila,-4.946,40.571,11685
2019-2,47,Valladolid,-4.847,41.634,31817
2019-2,09,Burgos,-3.586,42.367,19368
2019-2,34,Palencia,-4.535,42.37,9574
2019-2,37,Salamanca,-6.066,40.805,23680
2019-2,49,Zamora,-5.979,41.727,12138
2019-1,09,Burgos,-3.586,42.367,19328
2019-1,24,León,-5.841,42.62,31898
2019-1,42,Soria,-2.589,41.621,3756
2019-1,05,Ávila,-4.946,40.571,11850
2019-1,37,Salamanca,-6.066,40.805,23558
2019-1,49,Zamora,-5.979,41.727,12221
2019-1,07,Castilla León,-4.397,41.835,151328
2019-1,34,Palencia,-4.535,42.37,9755
2019-1,40,Segovia,-4.055,41.171,7218
2019-1,47,Valladolid,-4.847,41.634,31744
2018-12,05,Ávila,-4.946,40.571,11566
2018-12,09,Burgos,-3.586,42.367,18855
2018-12,47,Valladolid,-4.847,41.634,31286
2018-12,49,Zamora,-5.979,41.727,11848
2018-12,07,Castilla León,-4.397,41.835,147365
2018-12,37,Salamanca,-6.066,40.805,23037
2018-12,40,Segovia,-4.055,41.171,7006
2018-12,24,León,-5.841,42.62,30418
2018-12,34,Palencia,-4.535,42.37,9602
2018-12,42,Soria,-2.589,41.621,3747
2018-11,37,Salamanca,-6.066,40.805,23444
2018-11,09,Burgos,-3.586,42.367,19090
2018-11,34,Palencia,-4.535,42.37,9378
2018-11,47,Valladolid,-4.847,41.634,30972
2018-11,05,Ávila,-4.946,40.571,11615
2018-11,24,León,-5.841,42.62,30618
2018-11,40,Segovia,-4.055,41.171,6948
2018-11,42,Soria,-2.589,41.621,3597
2018-11,49,Zamora,-5.979,41.727,11818
2018-11,07,Castilla León,-4.397,41.835,147480
2018-10,37,Salamanca,-6.066,40.805,23489
2018-10,42,Soria,-2.589,41.621,3453
2018-10,47,Valladolid,-4.847,41.634,31741
2018-10,49,Zamora,-5.979,41.727,11637
2018-10,05,Ávila,-4.946,40.571,11483
2018-10,24,León,-5.841,42.62,30281
2018-10,09,Burgos,-3.586,42.367,18992
2018-10,34,Palencia,-4.535,42.37,9534
2018-10,40,Segovia,-4.055,41.171,6744
2018-10,07,Castilla León,-4.397,41.835,147354
2018-9,05,Ávila,-4.946,40.571,10972
2018-9,09,Burgos,-3.586,42.367,18015
2018-9,40,Segovia,-4.055,41.171,6607
2018-9,34,Palencia,-4.535,42.37,9313
2018-9,42,Soria,-2.589,41.621,3275
2018-9,47,Valladolid,-4.847,41.634,31386
2018-9,49,Zamora,-5.979,41.727,10972
2018-9,07,Castilla León,-4.397,41.835,142590
2018-9,24,León,-5.841,42.62,29190
2018-9,37,Salamanca,-6.066,40.805,22860
2018-8,34,Palencia,-4.535,42.37,9130
2018-8,40,Segovia,-4.055,41.171,6437
2018-8,07,Castilla León,-4.397,41.835,141143
2018-8,09,Burgos,-3.586,42.367,17558
2018-8,47,Valladolid,-4.847,41.634,31748
2018-8,49,Zamora,-5.979,41.727,11015
2018-8,05,Ávila,-4.946,40.571,10569
2018-8,24,León,-5.841,42.62,29154
2018-8,37,Salamanca,-6.066,40.805,22374
2018-8,42,Soria,-2.589,41.621,3158
2018-7,34,Palencia,-4.535,42.37,8742
2018-7,40,Segovia,-4.055,41.171,6335
2018-7,24,León,-5.841,42.62,29265
2018-7,37,Salamanca,-6.066,40.805,22045
2018-7,42,Soria,-2.589,41.621,3096
2018-7,07,Castilla León,-4.397,41.835,139245
2018-7,05,Ávila,-4.946,40.571,10565
2018-7,09,Burgos,-3.586,42.367,17137
2018-7,47,Valladolid,-4.847,41.634,31004
2018-7,49,Zamora,-5.979,41.727,11056
2018-6,09,Burgos,-3.586,42.367,17519
2018-6,40,Segovia,-4.055,41.171,6569
2018-6,07,Castilla León,-4.397,41.835,141643
2018-6,05,Ávila,-4.946,40.571,11095
2018-6,24,León,-5.841,42.62,29745
2018-6,34,Palencia,-4.535,42.37,8929
2018-6,37,Salamanca,-6.066,40.805,22335
2018-6,42,Soria,-2.589,41.621,3191
2018-6,47,Valladolid,-4.847,41.634,30662
2018-6,49,Zamora,-5.979,41.727,11598
2018-5,05,Ávila,-4.946,40.571,11949
2018-5,24,León,-5.841,42.62,31248
2018-5,34,Palencia,-4.535,42.37,9386
2018-5,42,Soria,-2.589,41.621,3532
2018-5,47,Valladolid,-4.847,41.634,32246
2018-5,49,Zamora,-5.979,41.727,12419
2018-5,07,Castilla León,-4.397,41.835,150424
2018-5,09,Burgos,-3.586,42.367,18743
2018-5,37,Salamanca,-6.066,40.805,23811
2018-5,40,Segovia,-4.055,41.171,7090
2018-4,05,Ávila,-4.946,40.571,12250
2018-4,24,León,-5.841,42.62,32203
2018-4,37,Salamanca,-6.066,40.805,24574
2018-4,40,Segovia,-4.055,41.171,7393
2018-4,47,Valladolid,-4.847,41.634,33558
2018-4,34,Palencia,-4.535,42.37,9795
2018-4,09,Burgos,-3.586,42.367,19260
2018-4,42,Soria,-2.589,41.621,3759
2018-4,49,Zamora,-5.979,41.727,12824
2018-4,07,Castilla León,-4.397,41.835,155616
2018-3,24,León,-5.841,42.62,33166
2018-3,34,Palencia,-4.535,42.37,10032
2018-3,49,Zamora,-5.979,41.727,13022
2018-3,07,Castilla León,-4.397,41.835,160047
2018-3,09,Burgos,-3.586,42.367,19945
2018-3,37,Salamanca,-6.066,40.805,25099
2018-3,40,Segovia,-4.055,41.171,7739
2018-3,47,Valladolid,-4.847,41.634,34568
2018-3,05,Ávila,-4.946,40.571,12554
2018-3,42,Soria,-2.589,41.621,3922
2018-2,42,Soria,-2.589,41.621,3998
2018-2,05,Ávila,-4.946,40.571,12793
2018-2,24,León,-5.841,42.62,33733
2018-2,34,Palencia,-4.535,42.37,10291
2018-2,37,Salamanca,-6.066,40.805,25439
2018-2,40,Segovia,-4.055,41.171,7870
2018-2,47,Valladolid,-4.847,41.634,35075
2018-2,07,Castilla León,-4.397,41.835,162628
2018-2,09,Burgos,-3.586,42.367,20186
2018-2,49,Zamora,-5.979,41.727,13243
2018-1,09,Burgos,-3.586,42.367,20380
2018-1,40,Segovia,-4.055,41.171,7947
2018-1,24,León,-5.841,42.62,34011
2018-1,34,Palencia,-4.535,42.37,10498
2018-1,42,Soria,-2.589,41.621,4025
2018-1,47,Valladolid,-4.847,41.634,35084
2018-1,05,Ávila,-4.946,40.571,12895
2018-1,37,Salamanca,-6.066,40.805,25711
2018-1,49,Zamora,-5.979,41.727,13467
2018-1,07,Castilla León,-4.397,41.835,164018
2017-12,05,Ávila,-4.946,40.571,12839
2017-12,24,León,-5.841,42.62,33724
2017-12,37,Salamanca,-6.066,40.805,25486
2017-12,40,Segovia,-4.055,41.171,7866
2017-12,47,Valladolid,-4.847,41.634,34949
2017-12,09,Burgos,-3.586,42.367,20408
2017-12,34,Palencia,-4.535,42.37,10401
2017-12,42,Soria,-2.589,41.621,3986
2017-12,49,Zamora,-5.979,41.727,13329
2017-12,07,Castilla León,-4.397,41.835,162988
2017-11,09,Burgos,-3.586,42.367,20432
2017-11,24,León,-5.841,42.62,34066
2017-11,40,Segovia,-4.055,41.171,7870
2017-11,49,Zamora,-5.979,41.727,13230
2017-11,07,Castilla León,-4.397,41.835,163856
2017-11,05,Ávila,-4.946,40.571,12879
2017-11,34,Palencia,-4.535,42.37,10491
2017-11,42,Soria,-2.589,41.621,4043
2017-11,47,Valladolid,-4.847,41.634,35026
2017-11,37,Salamanca,-6.066,40.805,25819
2017-10,24,León,-5.841,42.62,33441
2017-10,34,Palencia,-4.535,42.37,10242
2017-10,42,Soria,-2.589,41.621,3836
2017-10,47,Valladolid,-4.847,41.634,35139
2017-10,49,Zamora,-5.979,41.727,13070
2017-10,07,Castilla León,-4.397,41.835,161913
2017-10,05,Ávila,-4.946,40.571,12479
2017-10,09,Burgos,-3.586,42.367,20367
2017-10,40,Segovia,-4.055,41.171,7535
2017-10,37,Salamanca,-6.066,40.805,25804
2017-9,09,Burgos,-3.586,42.367,19283
2017-9,24,León,-5.841,42.62,33171
2017-9,34,Palencia,-4.535,42.37,9925
2017-9,40,Segovia,-4.055,41.171,7401
2017-9,42,Soria,-2.589,41.621,3536
2017-9,47,Valladolid,-4.847,41.634,33985
2017-9,07,Castilla León,-4.397,41.835,156936
2017-9,05,Ávila,-4.946,40.571,12152
2017-9,49,Zamora,-5.979,41.727,12448
2017-9,37,Salamanca,-6.066,40.805,25035
2017-8,05,Ávila,-4.946,40.571,11855
2017-8,34,Palencia,-4.535,42.37,9813
2017-8,42,Soria,-2.589,41.621,3445
2017-8,24,León,-5.841,42.62,32141
2017-8,37,Salamanca,-6.066,40.805,24571
2017-8,40,Segovia,-4.055,41.171,7285
2017-8,47,Valladolid,-4.847,41.634,34831
2017-8,09,Burgos,-3.586,42.367,19481
2017-8,49,Zamora,-5.979,41.727,12392
2017-8,07,Castilla León,-4.397,41.835,155814
2017-7,40,Segovia,-4.055,41.171,7178
2017-7,05,Ávila,-4.946,40.571,11878
2017-7,37,Salamanca,-6.066,40.805,24003
2017-7,47,Valladolid,-4.847,41.634,34192
2017-7,49,Zamora,-5.979,41.727,12553
2017-7,09,Burgos,-3.586,42.367,19230
2017-7,24,León,-5.841,42.62,32681
2017-7,34,Palencia,-4.535,42.37,9935
2017-7,42,Soria,-2.589,41.621,3482
2017-7,07,Castilla León,-4.397,41.835,155132
2017-6,24,León,-5.841,42.62,32744
2017-6,37,Salamanca,-6.066,40.805,24002
2017-6,47,Valladolid,-4.847,41.634,33718
2017-6,49,Zamora,-5.979,41.727,12750
2017-6,07,Castilla León,-4.397,41.835,155665
2017-6,05,Ávila,-4.946,40.571,12118
2017-6,09,Burgos,-3.586,42.367,19452
2017-6,34,Palencia,-4.535,42.37,10073
2017-6,40,Segovia,-4.055,41.171,7242
2017-6,42,Soria,-2.589,41.621,3566
2017-5,09,Burgos,-3.586,42.367,21010
2017-5,40,Segovia,-4.055,41.171,7807
2017-5,47,Valladolid,-4.847,41.634,34898
2017-5,07,Castilla León,-4.397,41.835,165272
2017-5,37,Salamanca,-6.066,40.805,25696
2017-5,42,Soria,-2.589,41.621,4061
2017-5,49,Zamora,-5.979,41.727,13708
2017-5,05,Ávila,-4.946,40.571,13039
2017-5,24,León,-5.841,42.62,34464
2017-5,34,Palencia,-4.535,42.37,10589
2017-4,05,Ávila,-4.946,40.571,13374
2017-4,37,Salamanca,-6.066,40.805,26469
2017-4,40,Segovia,-4.055,41.171,8251
2017-4,49,Zamora,-5.979,41.727,14076
2017-4,07,Castilla León,-4.397,41.835,171047
2017-4,09,Burgos,-3.586,42.367,21887
2017-4,47,Valladolid,-4.847,41.634,36214
2017-4,24,León,-5.841,42.62,35514
2017-4,34,Palencia,-4.535,42.37,10941
2017-4,42,Soria,-2.589,41.621,4321
2017-3,05,Ávila,-4.946,40.571,13838
2017-3,07,Castilla León,-4.397,41.835,177903
2017-3,09,Burgos,-3.586,42.367,22918
2017-3,24,León,-5.841,42.62,36781
2017-3,34,Palencia,-4.535,42.37,11387
2017-3,37,Salamanca,-6.066,40.805,27465
2017-3,40,Segovia,-4.055,41.171,8752
2017-3,42,Soria,-2.589,41.621,4491
2017-3,47,Valladolid,-4.847,41.634,37648
2017-3,49,Zamora,-5.979,41.727,14623
2017-2,24,León,-5.841,42.62,37516
2017-2,34,Palencia,-4.535,42.37,11519
2017-2,40,Segovia,-4.055,41.171,8888
2017-2,47,Valladolid,-4.847,41.634,38047
2017-2,42,Soria,-2.589,41.621,4564
2017-2,07,Castilla León,-4.397,41.835,180455
2017-2,05,Ávila,-4.946,40.571,14023
2017-2,09,Burgos,-3.586,42.367,23416
2017-2,37,Salamanca,-6.066,40.805,27641
2017-2,49,Zamora,-5.979,41.727,14841
2017-1,09,Burgos,-3.586,42.367,23678
2017-1,24,León,-5.841,42.62,37571
2017-1,37,Salamanca,-6.066,40.805,27897
2017-1,49,Zamora,-5.979,41.727,14709
2017-1,05,Ávila,-4.946,40.571,14113
2017-1,34,Palencia,-4.535,42.37,11631
2017-1,40,Segovia,-4.055,41.171,8909
2017-1,42,Soria,-2.589,41.621,4613
2017-1,47,Valladolid,-4.847,41.634,37906
2017-1,07,Castilla León,-4.397,41.835,181027
2016-12,09,Burgos,-3.586,42.367,23105
2016-12,40,Segovia,-4.055,41.171,8685
2016-12,49,Zamora,-5.979,41.727,14419
2016-12,34,Palencia,-4.535,42.37,11477
2016-12,37,Salamanca,-6.066,40.805,27627
2016-12,42,Soria,-2.589,41.621,4592
2016-12,47,Valladolid,-4.847,41.634,37537
2016-12,05,Ávila,-4.946,40.571,13850
2016-12,24,León,-5.841,42.62,36894
2016-12,07,Castilla León,-4.397,41.835,178186
2016-11,05,Ávila,-4.946,40.571,14182
2016-11,47,Valladolid,-4.847,41.634,37811
2016-11,34,Palencia,-4.535,42.37,11457
2016-11,40,Segovia,-4.055,41.171,8747
2016-11,42,Soria,-2.589,41.621,4686
2016-11,07,Castilla León,-4.397,41.835,180564
2016-11,09,Burgos,-3.586,42.367,23445
2016-11,24,León,-5.841,42.62,37529
2016-11,37,Salamanca,-6.066,40.805,28224
2016-11,49,Zamora,-5.979,41.727,14483
2016-10,09,Burgos,-3.586,42.367,23088
2016-10,37,Salamanca,-6.066,40.805,27820
2016-10,47,Valladolid,-4.847,41.634,37719
2016-10,49,Zamora,-5.979,41.727,14009
2016-10,40,Segovia,-4.055,41.171,8538
2016-10,07,Castilla León,-4.397,41.835,177707
2016-10,05,Ávila,-4.946,40.571,13872
2016-10,24,León,-5.841,42.62,37067
2016-10,34,Palencia,-4.535,42.37,11239
2016-10,42,Soria,-2.589,41.621,4355
2016-9,09,Burgos,-3.586,42.367,22712
2016-9,24,León,-5.841,42.62,35646
2016-9,07,Castilla León,-4.397,41.835,173361
2016-9,05,Ávila,-4.946,40.571,13552
2016-9,37,Salamanca,-6.066,40.805,27259
2016-9,40,Segovia,-4.055,41.171,8463
2016-9,47,Valladolid,-4.847,41.634,37334
2016-9,49,Zamora,-5.979,41.727,13551
2016-9,34,Palencia,-4.535,42.37,10750
2016-9,42,Soria,-2.589,41.621,4094
2016-8,09,Burgos,-3.586,42.367,22206
2016-8,24,León,-5.841,42.62,35725
2016-8,34,Palencia,-4.535,42.37,10507
2016-8,42,Soria,-2.589,41.621,3996
2016-8,47,Valladolid,-4.847,41.634,37723
2016-8,07,Castilla León,-4.397,41.835,171938
2016-8,37,Salamanca,-6.066,40.805,26658
2016-8,49,Zamora,-5.979,41.727,13617
2016-8,05,Ávila,-4.946,40.571,13233
2016-8,40,Segovia,-4.055,41.171,8273
2016-7,05,Ávila,-4.946,40.571,13238
2016-7,42,Soria,-2.589,41.621,4093
2016-7,37,Salamanca,-6.066,40.805,26485
2016-7,40,Segovia,-4.055,41.171,8291
2016-7,07,Castilla León,-4.397,41.835,171845
2016-7,09,Burgos,-3.586,42.367,22116
2016-7,24,León,-5.841,42.62,35804
2016-7,34,Palencia,-4.535,42.37,10626
2016-7,47,Valladolid,-4.847,41.634,37339
2016-7,49,Zamora,-5.979,41.727,13853
2016-6,42,Soria,-2.589,41.621,4150
2016-6,07,Castilla León,-4.397,41.835,175744
2016-6,09,Burgos,-3.586,42.367,22832
2016-6,24,León,-5.841,42.62,36359
2016-6,37,Salamanca,-6.066,40.805,26983
2016-6,47,Valladolid,-4.847,41.634,37626
2016-6,49,Zamora,-5.979,41.727,14339
2016-6,05,Ávila,-4.946,40.571,13926
2016-6,34,Palencia,-4.535,42.37,10885
2016-6,40,Segovia,-4.055,41.171,8644
2016-5,05,Ávila,-4.946,40.571,14707
2016-5,37,Salamanca,-6.066,40.805,28565
2016-5,42,Soria,-2.589,41.621,4601
2016-5,34,Palencia,-4.535,42.37,11427
2016-5,49,Zamora,-5.979,41.727,15156
2016-5,09,Burgos,-3.586,42.367,24386
2016-5,24,León,-5.841,42.62,38057
2016-5,40,Segovia,-4.055,41.171,9157
2016-5,47,Valladolid,-4.847,41.634,39223
2016-5,07,Castilla León,-4.397,41.835,185279
2016-4,49,Zamora,-5.979,41.727,15792
2016-4,34,Palencia,-4.535,42.37,11851
2016-4,40,Segovia,-4.055,41.171,9705
2016-4,07,Castilla León,-4.397,41.835,193165
2016-4,05,Ávila,-4.946,40.571,15220
2016-4,09,Burgos,-3.586,42.367,25528
2016-4,24,León,-5.841,42.62,39435
2016-4,37,Salamanca,-6.066,40.805,29642
2016-4,42,Soria,-2.589,41.621,4950
2016-4,47,Valladolid,-4.847,41.634,41042
2016-3,09,Burgos,-3.586,42.367,26400
2016-3,24,León,-5.841,42.62,40084
2016-3,42,Soria,-2.589,41.621,5132
2016-3,49,Zamora,-5.979,41.727,16181
2016-3,05,Ávila,-4.946,40.571,15550
2016-3,34,Palencia,-4.535,42.37,12285
2016-3,40,Segovia,-4.055,41.171,10099
2016-3,47,Valladolid,-4.847,41.634,41972
2016-3,37,Salamanca,-6.066,40.805,30539
2016-3,07,Castilla León,-4.397,41.835,198242
2016-2,37,Salamanca,-6.066,40.805,30864
2016-2,40,Segovia,-4.055,41.171,10352
2016-2,42,Soria,-2.589,41.621,5309
2016-2,07,Castilla León,-4.397,41.835,201206
2016-2,09,Burgos,-3.586,42.367,26715
2016-2,34,Palencia,-4.535,42.37,12544
2016-2,47,Valladolid,-4.847,41.634,42391
2016-2,49,Zamora,-5.979,41.727,16609
2016-2,05,Ávila,-4.946,40.571,15978
2016-2,24,León,-5.841,42.62,40444
2016-1,05,Ávila,-4.946,40.571,15983
2016-1,09,Burgos,-3.586,42.367,27225
2016-1,24,León,-5.841,42.62,40959
2016-1,47,Valladolid,-4.847,41.634,42504
2016-1,34,Palencia,-4.535,42.37,12619
2016-1,37,Salamanca,-6.066,40.805,31188
2016-1,40,Segovia,-4.055,41.171,10401
2016-1,42,Soria,-2.589,41.621,5364
2016-1,49,Zamora,-5.979,41.727,16671
2016-1,07,Castilla León,-4.397,41.835,202914
2015-12,09,Burgos,-3.586,42.367,26715
2015-12,34,Palencia,-4.535,42.37,12710
2015-12,37,Salamanca,-6.066,40.805,30901
2015-12,40,Segovia,-4.055,41.171,10300
2015-12,47,Valladolid,-4.847,41.634,42557
2015-12,49,Zamora,-5.979,41.727,16599
2015-12,07,Castilla León,-4.397,41.835,201696
2015-12,05,Ávila,-4.946,40.571,15882
2015-12,24,León,-5.841,42.62,40709
2015-12,42,Soria,-2.589,41.621,5323
2015-11,24,León,-5.841,42.62,40836
2015-11,37,Salamanca,-6.066,40.805,31366
2015-11,05,Ávila,-4.946,40.571,15898
2015-11,34,Palencia,-4.535,42.37,12531
2015-11,40,Segovia,-4.055,41.171,10196
2015-11,47,Valladolid,-4.847,41.634,42282
2015-11,49,Zamora,-5.979,41.727,16519
2015-11,07,Castilla León,-4.397,41.835,202036
2015-11,09,Burgos,-3.586,42.367,27104
2015-11,42,Soria,-2.589,41.621,5304
2015-10,34,Palencia,-4.535,42.37,12567
2015-10,05,Ávila,-4.946,40.571,15648
2015-10,09,Burgos,-3.586,42.367,27094
2015-10,24,León,-5.841,42.62,40346
2015-10,37,Salamanca,-6.066,40.805,31513
2015-10,40,Segovia,-4.055,41.171,10066
2015-10,42,Soria,-2.589,41.621,5233
2015-10,47,Valladolid,-4.847,41.634,42875
2015-10,49,Zamora,-5.979,41.727,16485
2015-10,07,Castilla León,-4.397,41.835,201827
2015-9,05,Ávila,-4.946,40.571,14896
2015-9,42,Soria,-2.589,41.621,4750
2015-9,49,Zamora,-5.979,41.727,14952
2015-9,09,Burgos,-3.586,42.367,25061
2015-9,34,Palencia,-4.535,42.37,11808
2015-9,40,Segovia,-4.055,41.171,9566
2015-9,47,Valladolid,-4.847,41.634,40252
2015-9,24,León,-5.841,42.62,38546
2015-9,37,Salamanca,-6.066,40.805,30170
2015-9,07,Castilla León,-4.397,41.835,190001
2015-8,05,Ávila,-4.946,40.571,14466
2015-8,34,Palencia,-4.535,42.37,11730
2015-8,37,Salamanca,-6.066,40.805,29347
2015-8,40,Segovia,-4.055,41.171,9415
2015-8,42,Soria,-2.589,41.621,4653
2015-8,09,Burgos,-3.586,42.367,25088
2015-8,24,León,-5.841,42.62,37954
2015-8,47,Valladolid,-4.847,41.634,41404
2015-8,49,Zamora,-5.979,41.727,15214
2015-8,07,Castilla León,-4.397,41.835,189271
2015-7,37,Salamanca,-6.066,40.805,29059
2015-7,40,Segovia,-4.055,41.171,9426
2015-7,49,Zamora,-5.979,41.727,15331
2015-7,07,Castilla León,-4.397,41.835,189331
2015-7,05,Ávila,-4.946,40.571,14457
2015-7,09,Burgos,-3.586,42.367,25017
2015-7,24,León,-5.841,42.62,38342
2015-7,34,Palencia,-4.535,42.37,11886
2015-7,42,Soria,-2.589,41.621,4687
2015-7,47,Valladolid,-4.847,41.634,41126
2015-6,09,Burgos,-3.586,42.367,25570
2015-6,24,León,-5.841,42.62,38833
2015-6,37,Salamanca,-6.066,40.805,29391
2015-6,40,Segovia,-4.055,41.171,9822
2015-6,42,Soria,-2.589,41.621,4868
2015-6,05,Ávila,-4.946,40.571,15044
2015-6,34,Palencia,-4.535,42.37,12112
2015-6,47,Valladolid,-4.847,41.634,41579
2015-6,49,Zamora,-5.979,41.727,15785
2015-6,07,Castilla León,-4.397,41.835,193004
2015-5,09,Burgos,-3.586,42.367,26914
2015-5,24,León,-5.841,42.62,40555
2015-5,49,Zamora,-5.979,41.727,16391
2015-5,05,Ávila,-4.946,40.571,15748
2015-5,37,Salamanca,-6.066,40.805,30626
2015-5,40,Segovia,-4.055,41.171,10354
2015-5,42,Soria,-2.589,41.621,5381
2015-5,34,Palencia,-4.535,42.37,12588
2015-5,47,Valladolid,-4.847,41.634,42702
2015-5,07,Castilla León,-4.397,41.835,201259
2015-4,42,Soria,-2.589,41.621,5561
2015-4,09,Burgos,-3.586,42.367,28367
2015-4,24,León,-5.841,42.62,41525
2015-4,34,Palencia,-4.535,42.37,12950
2015-4,47,Valladolid,-4.847,41.634,44519
2015-4,49,Zamora,-5.979,41.727,16935
2015-4,05,Ávila,-4.946,40.571,16116
2015-4,37,Salamanca,-6.066,40.805,31569
2015-4,40,Segovia,-4.055,41.171,10920
2015-4,07,Castilla León,-4.397,41.835,208462
2015-3,24,León,-5.841,42.62,43752
2015-3,37,Salamanca,-6.066,40.805,33286
2015-3,47,Valladolid,-4.847,41.634,46537
2015-3,07,Castilla León,-4.397,41.835,219917
2015-3,05,Ávila,-4.946,40.571,17023
2015-3,09,Burgos,-3.586,42.367,30011
2015-3,34,Palencia,-4.535,42.37,13718
2015-3,40,Segovia,-4.055,41.171,11798
2015-3,42,Soria,-2.589,41.621,5970
2015-3,49,Zamora,-5.979,41.727,17822
2015-2,09,Burgos,-3.586,42.367,30706
2015-2,24,León,-5.841,42.62,44512
2015-2,42,Soria,-2.589,41.621,6062
2015-2,05,Ávila,-4.946,40.571,17284
2015-2,40,Segovia,-4.055,41.171,12003
2015-2,34,Palencia,-4.535,42.37,14049
2015-2,37,Salamanca,-6.066,40.805,33613
2015-2,47,Valladolid,-4.847,41.634,46929
2015-2,49,Zamora,-5.979,41.727,18135
2015-2,07,Castilla León,-4.397,41.835,223293
2015-1,40,Segovia,-4.055,41.171,11964
2015-1,07,Castilla León,-4.397,41.835,224869
2015-1,24,León,-5.841,42.62,44569
2015-1,49,Zamora,-5.979,41.727,18213
2015-1,05,Ávila,-4.946,40.571,17421
2015-1,09,Burgos,-3.586,42.367,30952
2015-1,34,Palencia,-4.535,42.37,14231
2015-1,37,Salamanca,-6.066,40.805,33965
2015-1,42,Soria,-2.589,41.621,6056
2015-1,47,Valladolid,-4.847,41.634,47498
2014-12,05,Ávila,-4.946,40.571,17284
2014-12,24,León,-5.841,42.62,43911
2014-12,34,Palencia,-4.535,42.37,14188
2014-12,42,Soria,-2.589,41.621,6210
2014-12,49,Zamora,-5.979,41.727,18048
2014-12,09,Burgos,-3.586,42.367,30548
2014-12,07,Castilla León,-4.397,41.835,222851
2014-12,37,Salamanca,-6.066,40.805,33797
2014-12,40,Segovia,-4.055,41.171,11771
2014-12,47,Valladolid,-4.847,41.634,47094
2014-11,09,Burgos,-3.586,42.367,30185
2014-11,37,Salamanca,-6.066,40.805,33934
2014-11,47,Valladolid,-4.847,41.634,47267
2014-11,49,Zamora,-5.979,41.727,17585
2014-11,05,Ávila,-4.946,40.571,17033
2014-11,34,Palencia,-4.535,42.37,14090
2014-11,40,Segovia,-4.055,41.171,11568
2014-11,07,Castilla León,-4.397,41.835,221577
2014-11,24,León,-5.841,42.62,43924
2014-11,42,Soria,-2.589,41.621,5991
2014-10,09,Burgos,-3.586,42.367,29643
2014-10,24,León,-5.841,42.62,42946
2014-10,34,Palencia,-4.535,42.37,14117
2014-10,37,Salamanca,-6.066,40.805,33604
2014-10,40,Segovia,-4.055,41.171,11167
2014-10,42,Soria,-2.589,41.621,5787
2014-10,47,Valladolid,-4.847,41.634,46865
2014-10,49,Zamora,-5.979,41.727,17281
2014-10,05,Ávila,-4.946,40.571,16655
2014-10,07,Castilla León,-4.397,41.835,218065
2014-9,09,Burgos,-3.586,42.367,28633
2014-9,37,Salamanca,-6.066,40.805,32961
2014-9,42,Soria,-2.589,41.621,5620
2014-9,47,Valladolid,-4.847,41.634,45537
2014-9,49,Zamora,-5.979,41.727,16276
2014-9,34,Palencia,-4.535,42.37,13783
2014-9,40,Segovia,-4.055,41.171,10758
2014-9,07,Castilla León,-4.397,41.835,211524
2014-9,05,Ávila,-4.946,40.571,16305
2014-9,24,León,-5.841,42.62,41651
2014-8,05,Ávila,-4.946,40.571,16075
2014-8,09,Burgos,-3.586,42.367,28278
2014-8,34,Palencia,-4.535,42.37,13520
2014-8,42,Soria,-2.589,41.621,5448
2014-8,07,Castilla León,-4.397,41.835,211700
2014-8,24,León,-5.841,42.62,41609
2014-8,37,Salamanca,-6.066,40.805,32263
2014-8,40,Segovia,-4.055,41.171,10919
2014-8,47,Valladolid,-4.847,41.634,46982
2014-8,49,Zamora,-5.979,41.727,16606
2014-7,05,Ávila,-4.946,40.571,16358
2014-7,09,Burgos,-3.586,42.367,28340
2014-7,34,Palencia,-4.535,42.37,13796
2014-7,40,Segovia,-4.055,41.171,10989
2014-7,42,Soria,-2.589,41.621,5600
2014-7,47,Valladolid,-4.847,41.634,47150
2014-7,49,Zamora,-5.979,41.727,16831
2014-7,24,León,-5.841,42.62,42759
2014-7,37,Salamanca,-6.066,40.805,32576
2014-7,07,Castilla León,-4.397,41.835,214399
2014-6,05,Ávila,-4.946,40.571,16807
2014-6,24,León,-5.841,42.62,43385
2014-6,34,Palencia,-4.535,42.37,14329
2014-6,37,Salamanca,-6.066,40.805,32914
2014-6,49,Zamora,-5.979,41.727,17039
2014-6,07,Castilla León,-4.397,41.835,218619
2014-6,09,Burgos,-3.586,42.367,29052
2014-6,40,Segovia,-4.055,41.171,11384
2014-6,42,Soria,-2.589,41.621,5776
2014-6,47,Valladolid,-4.847,41.634,47933
2014-5,42,Soria,-2.589,41.621,6193
2014-5,34,Palencia,-4.535,42.37,14785
2014-5,47,Valladolid,-4.847,41.634,48947
2014-5,07,Castilla León,-4.397,41.835,227384
2014-5,05,Ávila,-4.946,40.571,17631
2014-5,09,Burgos,-3.586,42.367,30595
2014-5,24,León,-5.841,42.62,45086
2014-5,37,Salamanca,-6.066,40.805,34243
2014-5,40,Segovia,-4.055,41.171,11872
2014-5,49,Zamora,-5.979,41.727,18032
2014-4,24,León,-5.841,42.62,46040
2014-4,49,Zamora,-5.979,41.727,18531
2014-4,05,Ávila,-4.946,40.571,17988
2014-4,09,Burgos,-3.586,42.367,31568
2014-4,37,Salamanca,-6.066,40.805,35148
2014-4,42,Soria,-2.589,41.621,6457
2014-4,07,Castilla León,-4.397,41.835,234133
2014-4,34,Palencia,-4.535,42.37,15245
2014-4,40,Segovia,-4.055,41.171,12393
2014-4,47,Valladolid,-4.847,41.634,50763
2014-3,05,Ávila,-4.946,40.571,18469
2014-3,40,Segovia,-4.055,41.171,12731
2014-3,49,Zamora,-5.979,41.727,19124
2014-3,09,Burgos,-3.586,42.367,32101
2014-3,24,León,-5.841,42.62,47139
2014-3,07,Castilla León,-4.397,41.835,239602
2014-3,34,Palencia,-4.535,42.37,15549
2014-3,37,Salamanca,-6.066,40.805,35992
2014-3,42,Soria,-2.589,41.621,6680
2014-3,47,Valladolid,-4.847,41.634,51817
2014-2,05,Ávila,-4.946,40.571,18512
2014-2,24,León,-5.841,42.62,47313
2014-2,07,Castilla León,-4.397,41.835,241729
2014-2,34,Palencia,-4.535,42.37,15776
2014-2,42,Soria,-2.589,41.621,6848
2014-2,09,Burgos,-3.586,42.367,32308
2014-2,37,Salamanca,-6.066,40.805,35988
2014-2,40,Segovia,-4.055,41.171,13077
2014-2,47,Valladolid,-4.847,41.634,52405
2014-2,49,Zamora,-5.979,41.727,19502
2014-1,49,Zamora,-5.979,41.727,19475
2014-1,09,Burgos,-3.586,42.367,32656
2014-1,24,León,-5.841,42.62,47341
2014-1,34,Palencia,-4.535,42.37,15729
2014-1,42,Soria,-2.589,41.621,6941
2014-1,05,Ávila,-4.946,40.571,18648
2014-1,37,Salamanca,-6.066,40.805,36433
2014-1,40,Segovia,-4.055,41.171,13166
2014-1,47,Valladolid,-4.847,41.634,52550
2014-1,07,Castilla León,-4.397,41.835,242939
2013-12,09,Burgos,-3.586,42.367,31965
2013-12,24,León,-5.841,42.62,45959
2013-12,34,Palencia,-4.535,42.37,15300
2013-12,42,Soria,-2.589,41.621,6734
2013-12,49,Zamora,-5.979,41.727,18882
2013-12,05,Ávila,-4.946,40.571,18098
2013-12,40,Segovia,-4.055,41.171,12485
2013-12,07,Castilla León,-4.397,41.835,235919
2013-12,37,Salamanca,-6.066,40.805,35435
2013-12,47,Valladolid,-4.847,41.634,51061
2013-11,05,Ávila,-4.946,40.571,18406
2013-11,09,Burgos,-3.586,42.367,32253
2013-11,24,León,-5.841,42.62,46775
2013-11,34,Palencia,-4.535,42.37,15525
2013-11,37,Salamanca,-6.066,40.805,36103
2013-11,40,Segovia,-4.055,41.171,12536
2013-11,42,Soria,-2.589,41.621,6749
2013-11,47,Valladolid,-4.847,41.634,51807
2013-11,49,Zamora,-5.979,41.727,18653
2013-11,07,Castilla León,-4.397,41.835,238807
2013-10,05,Ávila,-4.946,40.571,18276
2013-10,07,Castilla León,-4.397,41.835,239596
2013-10,09,Burgos,-3.586,42.367,32493
2013-10,37,Salamanca,-6.066,40.805,36517
2013-10,40,Segovia,-4.055,41.171,12481
2013-10,42,Soria,-2.589,41.621,6757
2013-10,24,León,-5.841,42.62,46982
2013-10,34,Palencia,-4.535,42.37,15548
2013-10,47,Valladolid,-4.847,41.634,51994
2013-10,49,Zamora,-5.979,41.727,18548
2013-9,09,Burgos,-3.586,42.367,32127
2013-9,24,León,-5.841,42.62,45448
2013-9,37,Salamanca,-6.066,40.805,35395
2013-9,40,Segovia,-4.055,41.171,12364
2013-9,49,Zamora,-5.979,41.727,17961
2013-9,07,Castilla León,-4.397,41.835,233799
2013-9,05,Ávila,-4.946,40.571,17665
2013-9,34,Palencia,-4.535,42.37,15087
2013-9,47,Valladolid,-4.847,41.634,51462
2013-9,42,Soria,-2.589,41.621,6290
2013-8,09,Burgos,-3.586,42.367,31021
2013-8,24,León,-5.841,42.62,44994
2013-8,40,Segovia,-4.055,41.171,12108
2013-8,42,Soria,-2.589,41.621,6158
2013-8,49,Zamora,-5.979,41.727,17083
2013-8,05,Ávila,-4.946,40.571,17168
2013-8,47,Valladolid,-4.847,41.634,50606
2013-8,34,Palencia,-4.535,42.37,14737
2013-8,37,Salamanca,-6.066,40.805,34112
2013-8,07,Castilla León,-4.397,41.835,227987
2013-7,05,Ávila,-4.946,40.571,17236
2013-7,09,Burgos,-3.586,42.367,30891
2013-7,24,León,-5.841,42.62,45374
2013-7,37,Salamanca,-6.066,40.805,34156
2013-7,42,Soria,-2.589,41.621,6195
2013-7,47,Valladolid,-4.847,41.634,50224
2013-7,49,Zamora,-5.979,41.727,17271
2013-7,34,Palencia,-4.535,42.37,14882
2013-7,40,Segovia,-4.055,41.171,12118
2013-7,07,Castilla León,-4.397,41.835,228347
2013-6,05,Ávila,-4.946,40.571,17840
2013-6,24,León,-5.841,42.62,46202
2013-6,34,Palencia,-4.535,42.37,15214
2013-6,37,Salamanca,-6.066,40.805,34565
2013-6,42,Soria,-2.589,41.621,6452
2013-6,47,Valladolid,-4.847,41.634,51304
2013-6,07,Castilla León,-4.397,41.835,233912
2013-6,40,Segovia,-4.055,41.171,12562
2013-6,49,Zamora,-5.979,41.727,17946
2013-6,09,Burgos,-3.586,42.367,31827
2013-5,40,Segovia,-4.055,41.171,13107
2013-5,47,Valladolid,-4.847,41.634,52913
2013-5,37,Salamanca,-6.066,40.805,36175
2013-5,49,Zamora,-5.979,41.727,18806
2013-5,07,Castilla León,-4.397,41.835,244089
2013-5,05,Ávila,-4.946,40.571,18802
2013-5,09,Burgos,-3.586,42.367,33268
2013-5,24,León,-5.841,42.62,48312
2013-5,34,Palencia,-4.535,42.37,15847
2013-5,42,Soria,-2.589,41.621,6859
2013-4,09,Burgos,-3.586,42.367,33814
2013-4,24,León,-5.841,42.62,49052
2013-4,34,Palencia,-4.535,42.37,16188
2013-4,40,Segovia,-4.055,41.171,13328
2013-4,49,Zamora,-5.979,41.727,19271
2013-4,42,Soria,-2.589,41.621,7013
2013-4,05,Ávila,-4.946,40.571,19211
2013-4,37,Salamanca,-6.066,40.805,36830
2013-4,47,Valladolid,-4.847,41.634,54138
2013-4,07,Castilla León,-4.397,41.835,248845
2013-3,09,Burgos,-3.586,42.367,33614
2013-3,34,Palencia,-4.535,42.37,16299
2013-3,40,Segovia,-4.055,41.171,13342
2013-3,47,Valladolid,-4.847,41.634,54008
2013-3,49,Zamora,-5.979,41.727,19374
2013-3,07,Castilla León,-4.397,41.835,249405
2013-3,05,Ávila,-4.946,40.571,19475
2013-3,24,León,-5.841,42.62,48984
2013-3,37,Salamanca,-6.066,40.805,37237
2013-3,42,Soria,-2.589,41.621,7072
2013-2,09,Burgos,-3.586,42.367,33829
2013-2,40,Segovia,-4.055,41.171,13286
2013-2,07,Castilla León,-4.397,41.835,250364
2013-2,05,Ávila,-4.946,40.571,19596
2013-2,34,Palencia,-4.535,42.37,16432
2013-2,37,Salamanca,-6.066,40.805,37615
2013-2,42,Soria,-2.589,41.621,7160
2013-2,49,Zamora,-5.979,41.727,19729
2013-2,24,León,-5.841,42.62,48939
2013-2,47,Valladolid,-4.847,41.634,53778
2013-1,09,Burgos,-3.586,42.367,33383
2013-1,34,Palencia,-4.535,42.37,16218
2013-1,37,Salamanca,-6.066,40.805,37059
2013-1,47,Valladolid,-4.847,41.634,53112
2013-1,40,Segovia,-4.055,41.171,13052
2013-1,42,Soria,-2.589,41.621,7020
2013-1,07,Castilla León,-4.397,41.835,245877
2013-1,05,Ávila,-4.946,40.571,19194
2013-1,24,León,-5.841,42.62,47514
2013-1,49,Zamora,-5.979,41.727,19325
2012-12,09,Burgos,-3.586,42.367,32090
2012-12,34,Palencia,-4.535,42.37,15728
2012-12,40,Segovia,-4.055,41.171,12418
2012-12,07,Castilla León,-4.397,41.835,237259
2012-12,37,Salamanca,-6.066,40.805,35850
2012-12,42,Soria,-2.589,41.621,6742
2012-12,05,Ávila,-4.946,40.571,18489
2012-12,24,León,-5.841,42.62,45918
2012-12,47,Valladolid,-4.847,41.634,51201
2012-12,49,Zamora,-5.979,41.727,18823
2012-11,05,Ávila,-4.946,40.571,18739
2012-11,09,Burgos,-3.586,42.367,32088
2012-11,34,Palencia,-4.535,42.37,15824
2012-11,37,Salamanca,-6.066,40.805,36071
2012-11,40,Segovia,-4.055,41.171,12391
2012-11,47,Valladolid,-4.847,41.634,52650
2012-11,49,Zamora,-5.979,41.727,18852
2012-11,07,Castilla León,-4.397,41.835,239867
2012-11,24,León,-5.841,42.62,46625
2012-11,42,Soria,-2.589,41.621,6627
2012-10,24,León,-5.841,42.62,45830
2012-10,42,Soria,-2.589,41.621,6444
2012-10,47,Valladolid,-4.847,41.634,51439
2012-10,09,Burgos,-3.586,42.367,32084
2012-10,37,Salamanca,-6.066,40.805,35899
2012-10,05,Ávila,-4.946,40.571,17974
2012-10,34,Palencia,-4.535,42.37,15396
2012-10,40,Segovia,-4.055,41.171,12134
2012-10,49,Zamora,-5.979,41.727,18169
2012-10,07,Castilla León,-4.397,41.835,235369
2012-9,05,Ávila,-4.946,40.571,17414
2012-9,34,Palencia,-4.535,42.37,14656
2012-9,37,Salamanca,-6.066,40.805,34539
2012-9,42,Soria,-2.589,41.621,6096
2012-9,47,Valladolid,-4.847,41.634,49467
2012-9,09,Burgos,-3.586,42.367,30503
2012-9,40,Segovia,-4.055,41.171,11593
2012-9,49,Zamora,-5.979,41.727,17181
2012-9,24,León,-5.841,42.62,43536
2012-9,07,Castilla León,-4.397,41.835,224985
2012-8,34,Palencia,-4.535,42.37,13985
2012-8,40,Segovia,-4.055,41.171,11201
2012-8,09,Burgos,-3.586,42.367,29376
2012-8,24,León,-5.841,42.62,42288
2012-8,37,Salamanca,-6.066,40.805,33079
2012-8,47,Valladolid,-4.847,41.634,48991
2012-8,07,Castilla León,-4.397,41.835,218373
2012-8,05,Ávila,-4.946,40.571,16809
2012-8,42,Soria,-2.589,41.621,5790
2012-8,49,Zamora,-5.979,41.727,16854
2012-7,05,Ávila,-4.946,40.571,16821
2012-7,34,Palencia,-4.535,42.37,13943
2012-7,37,Salamanca,-6.066,40.805,32724
2012-7,42,Soria,-2.589,41.621,5775
2012-7,47,Valladolid,-4.847,41.634,48316
2012-7,49,Zamora,-5.979,41.727,16681
2012-7,09,Burgos,-3.586,42.367,29045
2012-7,24,León,-5.841,42.62,42055
2012-7,40,Segovia,-4.055,41.171,11134
2012-7,07,Castilla León,-4.397,41.835,216494
2012-6,05,Ávila,-4.946,40.571,17319
2012-6,09,Burgos,-3.586,42.367,29329
2012-6,24,León,-5.841,42.62,42449
2012-6,37,Salamanca,-6.066,40.805,33260
2012-6,47,Valladolid,-4.847,41.634,48988
2012-6,49,Zamora,-5.979,41.727,17119
2012-6,40,Segovia,-4.055,41.171,11491
2012-6,34,Palencia,-4.535,42.37,14207
2012-6,42,Soria,-2.589,41.621,5976
2012-6,07,Castilla León,-4.397,41.835,220138
2012-5,05,Ávila,-4.946,40.571,18133
2012-5,37,Salamanca,-6.066,40.805,34843
2012-5,49,Zamora,-5.979,41.727,17890
2012-5,47,Valladolid,-4.847,41.634,50354
2012-5,07,Castilla León,-4.397,41.835,229353
2012-5,09,Burgos,-3.586,42.367,30808
2012-5,24,León,-5.841,42.62,44138
2012-5,34,Palencia,-4.535,42.37,14546
2012-5,40,Segovia,-4.055,41.171,12156
2012-5,42,Soria,-2.589,41.621,6485
2012-4,05,Ávila,-4.946,40.571,18034
2012-4,47,Valladolid,-4.847,41.634,51026
2012-4,07,Castilla León,-4.397,41.835,231244
2012-4,24,León,-5.841,42.62,44468
2012-4,37,Salamanca,-6.066,40.805,34906
2012-4,40,Segovia,-4.055,41.171,12514
2012-4,42,Soria,-2.589,41.621,6522
2012-4,09,Burgos,-3.586,42.367,31122
2012-4,34,Palencia,-4.535,42.37,14562
2012-4,49,Zamora,-5.979,41.727,18090
2012-3,24,León,-5.841,42.62,44146
2012-3,34,Palencia,-4.535,42.37,14394
2012-3,05,Ávila,-4.946,40.571,17920
2012-3,40,Segovia,-4.055,41.171,12428
2012-3,42,Soria,-2.589,41.621,6535
2012-3,47,Valladolid,-4.847,41.634,50398
2012-3,49,Zamora,-5.979,41.727,17953
2012-3,09,Burgos,-3.586,42.367,31063
2012-3,37,Salamanca,-6.066,40.805,34728
2012-3,07,Castilla León,-4.397,41.835,229565
2012-2,05,Ávila,-4.946,40.571,17676
2012-2,24,León,-5.841,42.62,43460
2012-2,47,Valladolid,-4.847,41.634,49429
2012-2,07,Castilla León,-4.397,41.835,226084
2012-2,09,Burgos,-3.586,42.367,30745
2012-2,37,Salamanca,-6.066,40.805,34456
2012-2,42,Soria,-2.589,41.621,6315
2012-2,49,Zamora,-5.979,41.727,17720
2012-2,34,Palencia,-4.535,42.37,14079
2012-2,40,Segovia,-4.055,41.171,12204
2012-1,24,León,-5.841,42.62,42369
2012-1,07,Castilla León,-4.397,41.835,219859
2012-1,05,Ávila,-4.946,40.571,17150
2012-1,34,Palencia,-4.535,42.37,13799
2012-1,37,Salamanca,-6.066,40.805,33661
2012-1,42,Soria,-2.589,41.621,6030
2012-1,47,Valladolid,-4.847,41.634,47864
2012-1,49,Zamora,-5.979,41.727,17425
2012-1,09,Burgos,-3.586,42.367,29708
2012-1,40,Segovia,-4.055,41.171,11853
2011-12,05,Ávila,-4.946,40.571,16293
2011-12,24,León,-5.841,42.62,40001
2011-12,34,Palencia,-4.535,42.37,13020
2011-12,47,Valladolid,-4.847,41.634,45422
2011-12,09,Burgos,-3.586,42.367,28011
2011-12,37,Salamanca,-6.066,40.805,32134
2011-12,40,Segovia,-4.055,41.171,11229
2011-12,42,Soria,-2.589,41.621,5856
2011-12,49,Zamora,-5.979,41.727,16509
2011-12,07,Castilla León,-4.397,41.835,208475
2011-11,05,Ávila,-4.946,40.571,15916
2011-11,09,Burgos,-3.586,42.367,27109
2011-11,24,León,-5.841,42.62,39401
2011-11,37,Salamanca,-6.066,40.805,31700
2011-11,40,Segovia,-4.055,41.171,10853
2011-11,07,Castilla León,-4.397,41.835,203568
2011-11,34,Palencia,-4.535,42.37,12619
2011-11,47,Valladolid,-4.847,41.634,44566
2011-11,42,Soria,-2.589,41.621,5421
2011-11,49,Zamora,-5.979,41.727,15983
2011-10,05,Ávila,-4.946,40.571,15822
2011-10,24,León,-5.841,42.62,38727
2011-10,40,Segovia,-4.055,41.171,10331
2011-10,07,Castilla León,-4.397,41.835,199934
2011-10,09,Burgos,-3.586,42.367,26417
2011-10,34,Palencia,-4.535,42.37,12518
2011-10,37,Salamanca,-6.066,40.805,30967
2011-10,42,Soria,-2.589,41.621,5343
2011-10,47,Valladolid,-4.847,41.634,43904
2011-10,49,Zamora,-5.979,41.727,15905
2011-9,09,Burgos,-3.586,42.367,25159
2011-9,37,Salamanca,-6.066,40.805,30375
2011-9,47,Valladolid,-4.847,41.634,41731
2011-9,40,Segovia,-4.055,41.171,9816
2011-9,07,Castilla León,-4.397,41.835,191675
2011-9,05,Ávila,-4.946,40.571,15450
2011-9,24,León,-5.841,42.62,37406
2011-9,34,Palencia,-4.535,42.37,11976
2011-9,42,Soria,-2.589,41.621,5083
2011-9,49,Zamora,-5.979,41.727,14679
2011-8,05,Ávila,-4.946,40.571,14267
2011-8,24,León,-5.841,42.62,35925
2011-8,37,Salamanca,-6.066,40.805,28708
2011-8,09,Burgos,-3.586,42.367,24519
2011-8,40,Segovia,-4.055,41.171,9542
2011-8,42,Soria,-2.589,41.621,4682
2011-8,47,Valladolid,-4.847,41.634,41166
2011-8,49,Zamora,-5.979,41.727,14287
2011-8,07,Castilla León,-4.397,41.835,184419
2011-8,34,Palencia,-4.535,42.37,11323
2011-7,05,Ávila,-4.946,40.571,13924
2011-7,09,Burgos,-3.586,42.367,24180
2011-7,37,Salamanca,-6.066,40.805,27982
2011-7,40,Segovia,-4.055,41.171,9206
2011-7,42,Soria,-2.589,41.621,4701
2011-7,07,Castilla León,-4.397,41.835,180902
2011-7,24,León,-5.841,42.62,35608
2011-7,34,Palencia,-4.535,42.37,11312
2011-7,47,Valladolid,-4.847,41.634,39990
2011-7,49,Zamora,-5.979,41.727,13999
2011-6,24,León,-5.841,42.62,36449
2011-6,37,Salamanca,-6.066,40.805,28424
2011-6,40,Segovia,-4.055,41.171,9541
2011-6,47,Valladolid,-4.847,41.634,41357
2011-6,34,Palencia,-4.535,42.37,11553
2011-6,49,Zamora,-5.979,41.727,14367
2011-6,05,Ávila,-4.946,40.571,14509
2011-6,09,Burgos,-3.586,42.367,24888
2011-6,42,Soria,-2.589,41.621,4829
2011-6,07,Castilla León,-4.397,41.835,185917
2011-5,05,Ávila,-4.946,40.571,15040
2011-5,37,Salamanca,-6.066,40.805,30298
2011-5,07,Castilla León,-4.397,41.835,195039
2011-5,40,Segovia,-4.055,41.171,10239
2011-5,42,Soria,-2.589,41.621,5163
2011-5,49,Zamora,-5.979,41.727,14950
2011-5,09,Burgos,-3.586,42.367,26104
2011-5,24,León,-5.841,42.62,38278
2011-5,34,Palencia,-4.535,42.37,12185
2011-5,47,Valladolid,-4.847,41.634,42782
2011-4,05,Ávila,-4.946,40.571,15256
2011-4,37,Salamanca,-6.066,40.805,30686
2011-4,40,Segovia,-4.055,41.171,10556
2011-4,07,Castilla León,-4.397,41.835,199580
2011-4,09,Burgos,-3.586,42.367,26950
2011-4,24,León,-5.841,42.62,39029
2011-4,34,Palencia,-4.535,42.37,12445
2011-4,42,Soria,-2.589,41.621,5337
2011-4,47,Valladolid,-4.847,41.634,43961
2011-4,49,Zamora,-5.979,41.727,15360
2011-3,05,Ávila,-4.946,40.571,15509
2011-3,09,Burgos,-3.586,42.367,27385
2011-3,40,Segovia,-4.055,41.171,10833
2011-3,49,Zamora,-5.979,41.727,15848
2011-3,34,Palencia,-4.535,42.37,13044
2011-3,42,Soria,-2.589,41.621,5575
2011-3,07,Castilla León,-4.397,41.835,203586
2011-3,24,León,-5.841,42.62,39902
2011-3,37,Salamanca,-6.066,40.805,30990
2011-3,47,Valladolid,-4.847,41.634,44500
2011-2,24,León,-5.841,42.62,39893
2011-2,34,Palencia,-4.535,42.37,13198
2011-2,09,Burgos,-3.586,42.367,27535
2011-2,37,Salamanca,-6.066,40.805,31372
2011-2,40,Segovia,-4.055,41.171,10895
2011-2,49,Zamora,-5.979,41.727,15772
2011-2,07,Castilla León,-4.397,41.835,205006
2011-2,05,Ávila,-4.946,40.571,16075
2011-2,42,Soria,-2.589,41.621,5556
2011-2,47,Valladolid,-4.847,41.634,44710
2011-1,09,Burgos,-3.586,42.367,27158
2011-1,34,Palencia,-4.535,42.37,13015
2011-1,37,Salamanca,-6.066,40.805,31443
2011-1,40,Segovia,-4.055,41.171,10786
2011-1,42,Soria,-2.589,41.621,5714
2011-1,47,Valladolid,-4.847,41.634,44355
2011-1,49,Zamora,-5.979,41.727,16127
2011-1,05,Ávila,-4.946,40.571,15914
2011-1,07,Castilla León,-4.397,41.835,204266
2011-1,24,León,-5.841,42.62,39754
2010-12,24,León,-5.841,42.62,37956
2010-12,37,Salamanca,-6.066,40.805,30134
2010-12,40,Segovia,-4.055,41.171,9965
2010-12,42,Soria,-2.589,41.621,5344
2010-12,49,Zamora,-5.979,41.727,15388
2010-12,09,Burgos,-3.586,42.367,25925
2010-12,34,Palencia,-4.535,42.37,12432
2010-12,07,Castilla León,-4.397,41.835,194609
2010-12,05,Ávila,-4.946,40.571,14985
2010-12,47,Valladolid,-4.847,41.634,42480
2010-11,24,León,-5.841,42.62,36913
2010-11,49,Zamora,-5.979,41.727,14763
2010-11,37,Salamanca,-6.066,40.805,29596
2010-11,40,Segovia,-4.055,41.171,9471
2010-11,07,Castilla León,-4.397,41.835,188915
2010-11,05,Ávila,-4.946,40.571,14464
2010-11,09,Burgos,-3.586,42.367,25443
2010-11,34,Palencia,-4.535,42.37,11899
2010-11,42,Soria,-2.589,41.621,4962
2010-11,47,Valladolid,-4.847,41.634,41404
2010-10,24,León,-5.841,42.62,36897
2010-10,34,Palencia,-4.535,42.37,11773
2010-10,09,Burgos,-3.586,42.367,24943
2010-10,40,Segovia,-4.055,41.171,8981
2010-10,49,Zamora,-5.979,41.727,14571
2010-10,07,Castilla León,-4.397,41.835,186752
2010-10,05,Ávila,-4.946,40.571,13998
2010-10,37,Salamanca,-6.066,40.805,29513
2010-10,42,Soria,-2.589,41.621,4833
2010-10,47,Valladolid,-4.847,41.634,41243
2010-9,24,León,-5.841,42.62,35537
2010-9,05,Ávila,-4.946,40.571,13999
2010-9,09,Burgos,-3.586,42.367,24695
2010-9,34,Palencia,-4.535,42.37,11669
2010-9,37,Salamanca,-6.066,40.805,29043
2010-9,40,Segovia,-4.055,41.171,8919
2010-9,47,Valladolid,-4.847,41.634,40777
2010-9,07,Castilla León,-4.397,41.835,183219
2010-9,42,Soria,-2.589,41.621,4742
2010-9,49,Zamora,-5.979,41.727,13838
2010-8,09,Burgos,-3.586,42.367,24001
2010-8,24,León,-5.841,42.62,35017
2010-8,34,Palencia,-4.535,42.37,11218
2010-8,37,Salamanca,-6.066,40.805,28181
2010-8,42,Soria,-2.589,41.621,4528
2010-8,49,Zamora,-5.979,41.727,13807
2010-8,05,Ávila,-4.946,40.571,13710
2010-8,40,Segovia,-4.055,41.171,9006
2010-8,47,Valladolid,-4.847,41.634,40649
2010-8,07,Castilla León,-4.397,41.835,180117
2010-7,09,Burgos,-3.586,42.367,23767
2010-7,24,León,-5.841,42.62,35122
2010-7,42,Soria,-2.589,41.621,4561
2010-7,05,Ávila,-4.946,40.571,13865
2010-7,34,Palencia,-4.535,42.37,11331
2010-7,47,Valladolid,-4.847,41.634,39856
2010-7,07,Castilla León,-4.397,41.835,180035
2010-7,37,Salamanca,-6.066,40.805,28370
2010-7,40,Segovia,-4.055,41.171,9190
2010-7,49,Zamora,-5.979,41.727,13973
2010-6,24,León,-5.841,42.62,36529
2010-6,37,Salamanca,-6.066,40.805,29316
2010-6,47,Valladolid,-4.847,41.634,41118
2010-6,49,Zamora,-5.979,41.727,14650
2010-6,34,Palencia,-4.535,42.37,11904
2010-6,05,Ávila,-4.946,40.571,14585
2010-6,09,Burgos,-3.586,42.367,24773
2010-6,40,Segovia,-4.055,41.171,9539
2010-6,42,Soria,-2.589,41.621,4804
2010-6,07,Castilla León,-4.397,41.835,187218
2010-5,05,Ávila,-4.946,40.571,15039
2010-5,24,León,-5.841,42.62,38172
2010-5,37,Salamanca,-6.066,40.805,31118
2010-5,07,Castilla León,-4.397,41.835,196246
2010-5,09,Burgos,-3.586,42.367,26156
2010-5,40,Segovia,-4.055,41.171,10004
2010-5,42,Soria,-2.589,41.621,5060
2010-5,34,Palencia,-4.535,42.37,12458
2010-5,47,Valladolid,-4.847,41.634,42969
2010-5,49,Zamora,-5.979,41.727,15270
2010-4,05,Ávila,-4.946,40.571,14901
2010-4,09,Burgos,-3.586,42.367,26539
2010-4,47,Valladolid,-4.847,41.634,43671
2010-4,07,Castilla León,-4.397,41.835,197751
2010-4,24,León,-5.841,42.62,38266
2010-4,34,Palencia,-4.535,42.37,12713
2010-4,37,Salamanca,-6.066,40.805,31242
2010-4,40,Segovia,-4.055,41.171,9946
2010-4,42,Soria,-2.589,41.621,5150
2010-4,49,Zamora,-5.979,41.727,15323
2010-3,05,Ávila,-4.946,40.571,14797
2010-3,34,Palencia,-4.535,42.37,12748
2010-3,47,Valladolid,-4.847,41.634,43930
2010-3,09,Burgos,-3.586,42.367,26705
2010-3,24,León,-5.841,42.62,38550
2010-3,37,Salamanca,-6.066,40.805,31243
2010-3,40,Segovia,-4.055,41.171,10042
2010-3,49,Zamora,-5.979,41.727,15379
2010-3,07,Castilla León,-4.397,41.835,198623
2010-3,42,Soria,-2.589,41.621,5229
2010-2,24,León,-5.841,42.62,38432
2010-2,37,Salamanca,-6.066,40.805,30528
2010-2,47,Valladolid,-4.847,41.634,43470
2010-2,09,Burgos,-3.586,42.367,26438
2010-2,42,Soria,-2.589,41.621,5233
2010-2,49,Zamora,-5.979,41.727,15172
2010-2,05,Ávila,-4.946,40.571,14539
2010-2,34,Palencia,-4.535,42.37,12687
2010-2,40,Segovia,-4.055,41.171,9990
2010-2,07,Castilla León,-4.397,41.835,196489
2010-1,34,Palencia,-4.535,42.37,12359
2010-1,40,Segovia,-4.055,41.171,9658
2010-1,42,Soria,-2.589,41.621,5054
2010-1,07,Castilla León,-4.397,41.835,191651
2010-1,47,Valladolid,-4.847,41.634,42593
2010-1,49,Zamora,-5.979,41.727,14683
2010-1,05,Ávila,-4.946,40.571,14081
2010-1,09,Burgos,-3.586,42.367,25679
2010-1,24,León,-5.841,42.62,37941
2010-1,37,Salamanca,-6.066,40.805,29603
2009-12,24,León,-5.841,42.62,35897
2009-12,37,Salamanca,-6.066,40.805,27852
2009-12,47,Valladolid,-4.847,41.634,40927
2009-12,07,Castilla León,-4.397,41.835,182030
2009-12,05,Ávila,-4.946,40.571,13231
2009-12,09,Burgos,-3.586,42.367,24552
2009-12,34,Palencia,-4.535,42.37,11813
2009-12,40,Segovia,-4.055,41.171,9127
2009-12,42,Soria,-2.589,41.621,4700
2009-12,49,Zamora,-5.979,41.727,13931
2009-11,05,Ávila,-4.946,40.571,12675
2009-11,37,Salamanca,-6.066,40.805,27058
2009-11,09,Burgos,-3.586,42.367,23686
2009-11,47,Valladolid,-4.847,41.634,39908
2009-11,07,Castilla León,-4.397,41.835,175695
2009-11,24,León,-5.841,42.62,35197
2009-11,34,Palencia,-4.535,42.37,11180
2009-11,40,Segovia,-4.055,41.171,8490
2009-11,42,Soria,-2.589,41.621,4344
2009-11,49,Zamora,-5.979,41.727,13157
2009-10,05,Ávila,-4.946,40.571,12412
2009-10,24,León,-5.841,42.62,34647
2009-10,09,Burgos,-3.586,42.367,23205
2009-10,34,Palencia,-4.535,42.37,11039
2009-10,37,Salamanca,-6.066,40.805,26541
2009-10,47,Valladolid,-4.847,41.634,39251
2009-10,49,Zamora,-5.979,41.727,12947
2009-10,07,Castilla León,-4.397,41.835,172461
2009-10,40,Segovia,-4.055,41.171,8160
2009-10,42,Soria,-2.589,41.621,4259
2009-9,09,Burgos,-3.586,42.367,21780
2009-9,37,Salamanca,-6.066,40.805,25723
2009-9,24,León,-5.841,42.62,33087
2009-9,34,Palencia,-4.535,42.37,10552
2009-9,40,Segovia,-4.055,41.171,7625
2009-9,42,Soria,-2.589,41.621,4000
2009-9,47,Valladolid,-4.847,41.634,37415
2009-9,49,Zamora,-5.979,41.727,12125
2009-9,07,Castilla León,-4.397,41.835,164236
2009-9,05,Ávila,-4.946,40.571,11929
2009-8,05,Ávila,-4.946,40.571,11321
2009-8,09,Burgos,-3.586,42.367,20981
2009-8,24,León,-5.841,42.62,32144
2009-8,42,Soria,-2.589,41.621,3791
2009-8,49,Zamora,-5.979,41.727,11955
2009-8,07,Castilla León,-4.397,41.835,159843
2009-8,37,Salamanca,-6.066,40.805,24740
2009-8,47,Valladolid,-4.847,41.634,37319
2009-8,34,Palencia,-4.535,42.37,10138
2009-8,40,Segovia,-4.055,41.171,7454
2009-7,09,Burgos,-3.586,42.367,20748
2009-7,24,León,-5.841,42.62,32234
2009-7,37,Salamanca,-6.066,40.805,24793
2009-7,49,Zamora,-5.979,41.727,12277
2009-7,05,Ávila,-4.946,40.571,11309
2009-7,34,Palencia,-4.535,42.37,10245
2009-7,40,Segovia,-4.055,41.171,7491
2009-7,42,Soria,-2.589,41.621,3743
2009-7,47,Valladolid,-4.847,41.634,36254
2009-7,07,Castilla León,-4.397,41.835,159094
2009-6,34,Palencia,-4.535,42.37,10562
2009-6,37,Salamanca,-6.066,40.805,25698
2009-6,42,Soria,-2.589,41.621,3937
2009-6,47,Valladolid,-4.847,41.634,36594
2009-6,49,Zamora,-5.979,41.727,12794
2009-6,09,Burgos,-3.586,42.367,21970
2009-6,24,León,-5.841,42.62,33032
2009-6,40,Segovia,-4.055,41.171,7780
2009-6,07,Castilla León,-4.397,41.835,164117
2009-6,05,Ávila,-4.946,40.571,11750
2009-5,34,Palencia,-4.535,42.37,10975
2009-5,37,Salamanca,-6.066,40.805,27290
2009-5,40,Segovia,-4.055,41.171,8045
2009-5,07,Castilla León,-4.397,41.835,169931
2009-5,05,Ávila,-4.946,40.571,12071
2009-5,24,León,-5.841,42.62,33665
2009-5,09,Burgos,-3.586,42.367,23033
2009-5,42,Soria,-2.589,41.621,4202
2009-5,47,Valladolid,-4.847,41.634,37596
2009-5,49,Zamora,-5.979,41.727,13054
2009-4,09,Burgos,-3.586,42.367,23574
2009-4,34,Palencia,-4.535,42.37,11369
2009-4,40,Segovia,-4.055,41.171,8290
2009-4,07,Castilla León,-4.397,41.835,173902
2009-4,05,Ávila,-4.946,40.571,12237
2009-4,42,Soria,-2.589,41.621,4465
2009-4,49,Zamora,-5.979,41.727,13333
2009-4,24,León,-5.841,42.62,34307
2009-4,37,Salamanca,-6.066,40.805,27750
2009-4,47,Valladolid,-4.847,41.634,38577
2009-3,05,Ávila,-4.946,40.571,12249
2009-3,49,Zamora,-5.979,41.727,13150
2009-3,09,Burgos,-3.586,42.367,22934
2009-3,24,León,-5.841,42.62,34171
2009-3,34,Palencia,-4.535,42.37,11300
2009-3,37,Salamanca,-6.066,40.805,27806
2009-3,40,Segovia,-4.055,41.171,8359
2009-3,47,Valladolid,-4.847,41.634,37986
2009-3,42,Soria,-2.589,41.621,4615
2009-3,07,Castilla León,-4.397,41.835,172570
2009-2,47,Valladolid,-4.847,41.634,36901
2009-2,07,Castilla León,-4.397,41.835,167133
2009-2,09,Burgos,-3.586,42.367,22133
2009-2,24,León,-5.841,42.62,33407
2009-2,34,Palencia,-4.535,42.37,10729
2009-2,42,Soria,-2.589,41.621,4545
2009-2,49,Zamora,-5.979,41.727,12776
2009-2,05,Ávila,-4.946,40.571,12120
2009-2,37,Salamanca,-6.066,40.805,26399
2009-2,40,Segovia,-4.055,41.171,8123
2009-1,09,Burgos,-3.586,42.367,21364
2009-1,24,León,-5.841,42.62,32448
2009-1,37,Salamanca,-6.066,40.805,25613
2009-1,40,Segovia,-4.055,41.171,7701
2009-1,42,Soria,-2.589,41.621,4277
2009-1,05,Ávila,-4.946,40.571,11744
2009-1,34,Palencia,-4.535,42.37,10400
2009-1,47,Valladolid,-4.847,41.634,35466
2009-1,49,Zamora,-5.979,41.727,12480
2009-1,07,Castilla León,-4.397,41.835,161493
2008-12,24,León,-5.841,42.62,30462
2008-12,40,Segovia,-4.055,41.171,7022
2008-12,42,Soria,-2.589,41.621,3890
2008-12,49,Zamora,-5.979,41.727,11623
2008-12,07,Castilla León,-4.397,41.835,150545
2008-12,37,Salamanca,-6.066,40.805,24132
2008-12,47,Valladolid,-4.847,41.634,33364
2008-12,05,Ávila,-4.946,40.571,11003
2008-12,09,Burgos,-3.586,42.367,19204
2008-12,34,Palencia,-4.535,42.37,9845
2008-11,40,Segovia,-4.055,41.171,6474
2008-11,05,Ávila,-4.946,40.571,10347
2008-11,34,Palencia,-4.535,42.37,8804
2008-11,42,Soria,-2.589,41.621,3368
2008-11,47,Valladolid,-4.847,41.634,30981
2008-11,49,Zamora,-5.979,41.727,10500
2008-11,07,Castilla León,-4.397,41.835,139381
2008-11,09,Burgos,-3.586,42.367,17548
2008-11,24,León,-5.841,42.62,28530
2008-11,37,Salamanca,-6.066,40.805,22829
2008-10,05,Ávila,-4.946,40.571,9626
2008-10,40,Segovia,-4.055,41.171,5776
2008-10,42,Soria,-2.589,41.621,3148
2008-10,49,Zamora,-5.979,41.727,10017
2008-10,07,Castilla León,-4.397,41.835,129909
2008-10,24,León,-5.841,42.62,26771
2008-10,09,Burgos,-3.586,42.367,16084
2008-10,34,Palencia,-4.535,42.37,8336
2008-10,37,Salamanca,-6.066,40.805,21238
2008-10,47,Valladolid,-4.847,41.634,28913
2008-9,05,Ávila,-4.946,40.571,8976
2008-9,42,Soria,-2.589,41.621,2661
2008-9,09,Burgos,-3.586,42.367,14632
2008-9,34,Palencia,-4.535,42.37,7775
2008-9,40,Segovia,-4.055,41.171,5390
2008-9,49,Zamora,-5.979,41.727,9260
2008-9,24,León,-5.841,42.62,25030
2008-9,37,Salamanca,-6.066,40.805,19953
2008-9,47,Valladolid,-4.847,41.634,27505
2008-9,07,Castilla León,-4.397,41.835,121182
2008-8,09,Burgos,-3.586,42.367,13450
2008-8,34,Palencia,-4.535,42.37,7638
2008-8,37,Salamanca,-6.066,40.805,18740
2008-8,40,Segovia,-4.055,41.171,5127
2008-8,49,Zamora,-5.979,41.727,8927
2008-8,05,Ávila,-4.946,40.571,8430
2008-8,42,Soria,-2.589,41.621,2399
2008-8,24,León,-5.841,42.62,23927
2008-8,47,Valladolid,-4.847,41.634,26478
2008-8,07,Castilla León,-4.397,41.835,115116
2008-7,09,Burgos,-3.586,42.367,12976
2008-7,34,Palencia,-4.535,42.37,7580
2008-7,42,Soria,-2.589,41.621,2310
2008-7,47,Valladolid,-4.847,41.634,25594
2008-7,05,Ávila,-4.946,40.571,8189
2008-7,37,Salamanca,-6.066,40.805,18550
2008-7,07,Castilla León,-4.397,41.835,113137
2008-7,24,León,-5.841,42.62,24009
2008-7,40,Segovia,-4.055,41.171,4938
2008-7,49,Zamora,-5.979,41.727,8991
2008-6,05,Ávila,-4.946,40.571,8432
2008-6,34,Palencia,-4.535,42.37,7897
2008-6,47,Valladolid,-4.847,41.634,25891
2008-6,07,Castilla León,-4.397,41.835,116228
2008-6,09,Burgos,-3.586,42.367,13322
2008-6,24,León,-5.841,42.62,24722
2008-6,37,Salamanca,-6.066,40.805,19080
2008-6,40,Segovia,-4.055,41.171,5032
2008-6,42,Soria,-2.589,41.621,2347
2008-6,49,Zamora,-5.979,41.727,9505
2008-5,09,Burgos,-3.586,42.367,13827
2008-5,40,Segovia,-4.055,41.171,5118
2008-5,47,Valladolid,-4.847,41.634,26195
2008-5,49,Zamora,-5.979,41.727,9769
2008-5,24,León,-5.841,42.62,24810
2008-5,37,Salamanca,-6.066,40.805,19692
2008-5,42,Soria,-2.589,41.621,2473
2008-5,05,Ávila,-4.946,40.571,8509
2008-5,34,Palencia,-4.535,42.37,8263
2008-5,07,Castilla León,-4.397,41.835,118656
2008-4,37,Salamanca,-6.066,40.805,20196
2008-4,49,Zamora,-5.979,41.727,9881
2008-4,07,Castilla León,-4.397,41.835,119983
2008-4,40,Segovia,-4.055,41.171,5097
2008-4,42,Soria,-2.589,41.621,2572
2008-4,05,Ávila,-4.946,40.571,8518
2008-4,09,Burgos,-3.586,42.367,14257
2008-4,24,León,-5.841,42.62,24794
2008-4,34,Palencia,-4.535,42.37,8297
2008-4,47,Valladolid,-4.847,41.634,26371
2008-3,34,Palencia,-4.535,42.37,8302
2008-3,40,Segovia,-4.055,41.171,5082
2008-3,49,Zamora,-5.979,41.727,9796
2008-3,05,Ávila,-4.946,40.571,8307
2008-3,09,Burgos,-3.586,42.367,14256
2008-3,24,León,-5.841,42.62,24828
2008-3,37,Salamanca,-6.066,40.805,19770
2008-3,42,Soria,-2.589,41.621,2564
2008-3,47,Valladolid,-4.847,41.634,26216
2008-3,07,Castilla León,-4.397,41.835,119121
2008-2,09,Burgos,-3.586,42.367,14276
2008-2,24,León,-5.841,42.62,25288
2008-2,34,Palencia,-4.535,42.37,8242
2008-2,42,Soria,-2.589,41.621,2573
2008-2,05,Ávila,-4.946,40.571,8063
2008-2,37,Salamanca,-6.066,40.805,19450
2008-2,40,Segovia,-4.055,41.171,5182
2008-2,47,Valladolid,-4.847,41.634,26507
2008-2,49,Zamora,-5.979,41.727,9824
2008-2,07,Castilla León,-4.397,41.835,119405
2008-1,40,Segovia,-4.055,41.171,5084
2008-1,42,Soria,-2.589,41.621,2435
2008-1,47,Valladolid,-4.847,41.634,25848
2008-1,09,Burgos,-3.586,42.367,13897
2008-1,24,León,-5.841,42.62,25234
2008-1,37,Salamanca,-6.066,40.805,19090
2008-1,07,Castilla León,-4.397,41.835,117479
2008-1,05,Ávila,-4.946,40.571,7993
2008-1,34,Palencia,-4.535,42.37,7998
2008-1,49,Zamora,-5.979,41.727,9900
2007-12,24,León,-5.841,42.62,23572
2007-12,34,Palencia,-4.535,42.37,7262
2007-12,09,Burgos,-3.586,42.367,12685
2007-12,40,Segovia,-4.055,41.171,4577
2007-12,42,Soria,-2.589,41.621,2307
2007-12,47,Valladolid,-4.847,41.634,24846
2007-12,49,Zamora,-5.979,41.727,9207
2007-12,07,Castilla León,-4.397,41.835,109711
2007-12,05,Ávila,-4.946,40.571,7483
2007-12,37,Salamanca,-6.066,40.805,17772
2007-11,34,Palencia,-4.535,42.37,6837
2007-11,42,Soria,-2.589,41.621,2144
2007-11,09,Burgos,-3.586,42.367,12139
2007-11,37,Salamanca,-6.066,40.805,17244
2007-11,47,Valladolid,-4.847,41.634,23963
2007-11,49,Zamora,-5.979,41.727,8721
2007-11,07,Castilla León,-4.397,41.835,104762
2007-11,05,Ávila,-4.946,40.571,7271
2007-11,24,León,-5.841,42.62,22245
2007-11,40,Segovia,-4.055,41.171,4198
2007-10,05,Ávila,-4.946,40.571,6979
2007-10,09,Burgos,-3.586,42.367,12090
2007-10,37,Salamanca,-6.066,40.805,17800
2007-10,42,Soria,-2.589,41.621,2272
2007-10,47,Valladolid,-4.847,41.634,23736
2007-10,07,Castilla León,-4.397,41.835,104088
2007-10,34,Palencia,-4.535,42.37,6821
2007-10,49,Zamora,-5.979,41.727,8630
2007-10,24,León,-5.841,42.62,21775
2007-10,40,Segovia,-4.055,41.171,3985
2007-9,05,Ávila,-4.946,40.571,6877
2007-9,40,Segovia,-4.055,41.171,3799
2007-9,47,Valladolid,-4.847,41.634,23191
2007-9,24,León,-5.841,42.62,21161
2007-9,34,Palencia,-4.535,42.37,6654
2007-9,37,Salamanca,-6.066,40.805,16945
2007-9,07,Castilla León,-4.397,41.835,100329
2007-9,09,Burgos,-3.586,42.367,11555
2007-9,42,Soria,-2.589,41.621,2083
2007-9,49,Zamora,-5.979,41.727,8064
2007-8,09,Burgos,-3.586,42.367,11248
2007-8,42,Soria,-2.589,41.621,2006
2007-8,47,Valladolid,-4.847,41.634,22735
2007-8,49,Zamora,-5.979,41.727,7833
2007-8,05,Ávila,-4.946,40.571,6563
2007-8,34,Palencia,-4.535,42.37,6504
2007-8,37,Salamanca,-6.066,40.805,16387
2007-8,07,Castilla León,-4.397,41.835,97895
2007-8,24,León,-5.841,42.62,21023
2007-8,40,Segovia,-4.055,41.171,3596
2007-7,37,Salamanca,-6.066,40.805,16660
2007-7,49,Zamora,-5.979,41.727,8148
2007-7,05,Ávila,-4.946,40.571,6629
2007-7,09,Burgos,-3.586,42.367,10939
2007-7,24,León,-5.841,42.62,21722
2007-7,34,Palencia,-4.535,42.37,6641
2007-7,40,Segovia,-4.055,41.171,3619
2007-7,42,Soria,-2.589,41.621,2019
2007-7,47,Valladolid,-4.847,41.634,22654
2007-7,07,Castilla León,-4.397,41.835,99031
2007-6,05,Ávila,-4.946,40.571,6748
2007-6,37,Salamanca,-6.066,40.805,17534
2007-6,07,Castilla León,-4.397,41.835,102387
2007-6,09,Burgos,-3.586,42.367,11242
2007-6,49,Zamora,-5.979,41.727,8649
2007-6,24,León,-5.841,42.62,22423
2007-6,34,Palencia,-4.535,42.37,7056
2007-6,40,Segovia,-4.055,41.171,3637
2007-6,42,Soria,-2.589,41.621,2125
2007-6,47,Valladolid,-4.847,41.634,22973
2007-5,34,Palencia,-4.535,42.37,7553
2007-5,47,Valladolid,-4.847,41.634,23453
2007-5,49,Zamora,-5.979,41.727,8862
2007-5,05,Ávila,-4.946,40.571,7056
2007-5,09,Burgos,-3.586,42.367,12256
2007-5,24,León,-5.841,42.62,22820
2007-5,07,Castilla León,-4.397,41.835,107008
2007-5,37,Salamanca,-6.066,40.805,18910
2007-5,40,Segovia,-4.055,41.171,3812
2007-5,42,Soria,-2.589,41.621,2286
2007-4,05,Ávila,-4.946,40.571,7004
2007-4,24,León,-5.841,42.62,23173
2007-4,34,Palencia,-4.535,42.37,7896
2007-4,49,Zamora,-5.979,41.727,9054
2007-4,07,Castilla León,-4.397,41.835,109422
2007-4,09,Burgos,-3.586,42.367,12736
2007-4,37,Salamanca,-6.066,40.805,19305
2007-4,40,Segovia,-4.055,41.171,3820
2007-4,42,Soria,-2.589,41.621,2464
2007-4,47,Valladolid,-4.847,41.634,23970
2007-3,09,Burgos,-3.586,42.367,13154
2007-3,34,Palencia,-4.535,42.37,8204
2007-3,07,Castilla León,-4.397,41.835,112578
2007-3,24,León,-5.841,42.62,24102
2007-3,37,Salamanca,-6.066,40.805,19771
2007-3,40,Segovia,-4.055,41.171,3867
2007-3,42,Soria,-2.589,41.621,2582
2007-3,47,Valladolid,-4.847,41.634,24463
2007-3,05,Ávila,-4.946,40.571,7085
2007-3,49,Zamora,-5.979,41.727,9350
2007-2,37,Salamanca,-6.066,40.805,19642
2007-2,42,Soria,-2.589,41.621,2662
2007-2,09,Burgos,-3.586,42.367,13244
2007-2,24,León,-5.841,42.62,24441
2007-2,05,Ávila,-4.946,40.571,7085
2007-2,34,Palencia,-4.535,42.37,8077
2007-2,40,Segovia,-4.055,41.171,3926
2007-2,47,Valladolid,-4.847,41.634,24319
2007-2,49,Zamora,-5.979,41.727,9740
2007-2,07,Castilla León,-4.397,41.835,113136
2007-1,40,Segovia,-4.055,41.171,3908
2007-1,42,Soria,-2.589,41.621,2562
2007-1,07,Castilla León,-4.397,41.835,113240
2007-1,05,Ávila,-4.946,40.571,7103
2007-1,09,Burgos,-3.586,42.367,13200
2007-1,24,León,-5.841,42.62,24749
2007-1,34,Palencia,-4.535,42.37,8081
2007-1,47,Valladolid,-4.847,41.634,24323
2007-1,49,Zamora,-5.979,41.727,9865
2007-1,37,Salamanca,-6.066,40.805,19449
2006-12,49,Zamora,-5.979,41.727,9531
2006-12,24,León,-5.841,42.62,24109
2006-12,37,Salamanca,-6.066,40.805,18310
2006-12,40,Segovia,-4.055,41.171,3631
2006-12,47,Valladolid,-4.847,41.634,23574
2006-12,07,Castilla León,-4.397,41.835,108421
2006-12,05,Ávila,-4.946,40.571,6836
2006-12,09,Burgos,-3.586,42.367,12276
2006-12,34,Palencia,-4.535,42.37,7752
2006-12,42,Soria,-2.589,41.621,2402
2006-11,40,Segovia,-4.055,41.171,3612
2006-11,09,Burgos,-3.586,42.367,11936
2006-11,24,León,-5.841,42.62,24085
2006-11,34,Palencia,-4.535,42.37,7362
2006-11,37,Salamanca,-6.066,40.805,18249
2006-11,42,Soria,-2.589,41.621,2326
2006-11,47,Valladolid,-4.847,41.634,23536
2006-11,07,Castilla León,-4.397,41.835,107085
2006-11,05,Ávila,-4.946,40.571,6832
2006-11,49,Zamora,-5.979,41.727,9147
2006-10,05,Ávila,-4.946,40.571,6398
2006-10,24,León,-5.841,42.62,23220
2006-10,49,Zamora,-5.979,41.727,8781
2006-10,09,Burgos,-3.586,42.367,11792
2006-10,34,Palencia,-4.535,42.37,7310
2006-10,40,Segovia,-4.055,41.171,3574
2006-10,37,Salamanca,-6.066,40.805,17747
2006-10,42,Soria,-2.589,41.621,2301
2006-10,47,Valladolid,-4.847,41.634,23320
2006-10,07,Castilla León,-4.397,41.835,104443
2006-9,49,Zamora,-5.979,41.727,8301
2006-9,09,Burgos,-3.586,42.367,11278
2006-9,24,León,-5.841,42.62,22514
2006-9,34,Palencia,-4.535,42.37,7141
2006-9,37,Salamanca,-6.066,40.805,17152
2006-9,47,Valladolid,-4.847,41.634,22586
2006-9,07,Castilla León,-4.397,41.835,101128
2006-9,05,Ávila,-4.946,40.571,6489
2006-9,40,Segovia,-4.055,41.171,3450
2006-9,42,Soria,-2.589,41.621,2217
2006-8,37,Salamanca,-6.066,40.805,16742
2006-8,40,Segovia,-4.055,41.171,3534
2006-8,47,Valladolid,-4.847,41.634,22755
2006-8,24,León,-5.841,42.62,22285
2006-8,42,Soria,-2.589,41.621,2062
2006-8,05,Ávila,-4.946,40.571,6336
2006-8,09,Burgos,-3.586,42.367,11300
2006-8,34,Palencia,-4.535,42.37,6995
2006-8,49,Zamora,-5.979,41.727,8336
2006-8,07,Castilla León,-4.397,41.835,100345
2006-7,09,Burgos,-3.586,42.367,11167
2006-7,34,Palencia,-4.535,42.37,6991
2006-7,40,Segovia,-4.055,41.171,3573
2006-7,49,Zamora,-5.979,41.727,8761
2006-7,07,Castilla León,-4.397,41.835,101303
2006-7,05,Ávila,-4.946,40.571,6406
2006-7,42,Soria,-2.589,41.621,2095
2006-7,24,León,-5.841,42.62,22736
2006-7,37,Salamanca,-6.066,40.805,17034
2006-7,47,Valladolid,-4.847,41.634,22540
2006-6,09,Burgos,-3.586,42.367,11517
2006-6,24,León,-5.841,42.62,23849
2006-6,37,Salamanca,-6.066,40.805,18069
2006-6,07,Castilla León,-4.397,41.835,106070
2006-6,05,Ávila,-4.946,40.571,6539
2006-6,40,Segovia,-4.055,41.171,3719
2006-6,42,Soria,-2.589,41.621,2237
2006-6,49,Zamora,-5.979,41.727,9334
2006-6,34,Palencia,-4.535,42.37,7420
2006-6,47,Valladolid,-4.847,41.634,23386
2006-5,05,Ávila,-4.946,40.571,6693
2006-5,42,Soria,-2.589,41.621,2391
2006-5,07,Castilla León,-4.397,41.835,110460
2006-5,24,León,-5.841,42.62,24567
2006-5,34,Palencia,-4.535,42.37,7635
2006-5,40,Segovia,-4.055,41.171,3895
2006-5,47,Valladolid,-4.847,41.634,24330
2006-5,09,Burgos,-3.586,42.367,12238
2006-5,37,Salamanca,-6.066,40.805,19106
2006-5,49,Zamora,-5.979,41.727,9605
2006-4,05,Ávila,-4.946,40.571,7171
2006-4,40,Segovia,-4.055,41.171,4188
2006-4,47,Valladolid,-4.847,41.634,25720
2006-4,07,Castilla León,-4.397,41.835,116881
2006-4,09,Burgos,-3.586,42.367,12998
2006-4,24,León,-5.841,42.62,25378
2006-4,34,Palencia,-4.535,42.37,8412
2006-4,42,Soria,-2.589,41.621,2489
2006-4,49,Zamora,-5.979,41.727,9946
2006-4,37,Salamanca,-6.066,40.805,20579
2006-3,05,Ávila,-4.946,40.571,7464
2006-3,37,Salamanca,-6.066,40.805,20930
2006-3,40,Segovia,-4.055,41.171,4474
2006-3,49,Zamora,-5.979,41.727,10230
2006-3,07,Castilla León,-4.397,41.835,120579
2006-3,24,León,-5.841,42.62,26002
2006-3,47,Valladolid,-4.847,41.634,26161
2006-3,09,Burgos,-3.586,42.367,13925
2006-3,34,Palencia,-4.535,42.37,8741
2006-3,42,Soria,-2.589,41.621,2652
2006-2,24,León,-5.841,42.62,26092
2006-2,40,Segovia,-4.055,41.171,4570
2006-2,07,Castilla León,-4.397,41.835,121556
2006-2,05,Ávila,-4.946,40.571,7451
2006-2,34,Palencia,-4.535,42.37,8821
2006-2,47,Valladolid,-4.847,41.634,26374
2006-2,49,Zamora,-5.979,41.727,10439
2006-2,09,Burgos,-3.586,42.367,14234
2006-2,37,Salamanca,-6.066,40.805,20842
2006-2,42,Soria,-2.589,41.621,2733
2006-1,05,Ávila,-4.946,40.571,7524
2006-1,37,Salamanca,-6.066,40.805,20697
2006-1,40,Segovia,-4.055,41.171,4570
2006-1,42,Soria,-2.589,41.621,2751
2006-1,09,Burgos,-3.586,42.367,14327
2006-1,24,León,-5.841,42.62,26213
2006-1,34,Palencia,-4.535,42.37,8847
2006-1,47,Valladolid,-4.847,41.634,26261
2006-1,49,Zamora,-5.979,41.727,10683
2006-1,07,Castilla León,-4.397,41.835,121873
2005-12,34,Palencia,-4.535,42.37,8521
2005-12,37,Salamanca,-6.066,40.805,19727
2005-12,47,Valladolid,-4.847,41.634,24850
2005-12,05,Ávila,-4.946,40.571,7290
2005-12,09,Burgos,-3.586,42.367,13401
2005-12,40,Segovia,-4.055,41.171,4225
2005-12,49,Zamora,-5.979,41.727,10048
2005-12,07,Castilla León,-4.397,41.835,115650
2005-12,24,León,-5.841,42.62,24985
2005-12,42,Soria,-2.589,41.621,2603
2005-11,24,León,-5.841,42.62,24636
2005-11,07,Castilla León,-4.397,41.835,114686
2005-11,05,Ávila,-4.946,40.571,7197
2005-11,34,Palencia,-4.535,42.37,8212
2005-11,37,Salamanca,-6.066,40.805,19858
2005-11,47,Valladolid,-4.847,41.634,25042
2005-11,49,Zamora,-5.979,41.727,9911
2005-11,09,Burgos,-3.586,42.367,13050
2005-11,40,Segovia,-4.055,41.171,4215
2005-11,42,Soria,-2.589,41.621,2565
2005-10,09,Burgos,-3.586,42.367,12668
2005-10,34,Palencia,-4.535,42.37,7811
2005-10,47,Valladolid,-4.847,41.634,24866
2005-10,49,Zamora,-5.979,41.727,9482
2005-10,07,Castilla León,-4.397,41.835,111032
2005-10,05,Ávila,-4.946,40.571,6753
2005-10,24,León,-5.841,42.62,23790
2005-10,37,Salamanca,-6.066,40.805,19002
2005-10,42,Soria,-2.589,41.621,2598
2005-10,40,Segovia,-4.055,41.171,4062
2005-9,05,Ávila,-4.946,40.571,6608
2005-9,47,Valladolid,-4.847,41.634,23998
2005-9,49,Zamora,-5.979,41.727,8801
2005-9,24,León,-5.841,42.62,22362
2005-9,37,Salamanca,-6.066,40.805,17873
2005-9,40,Segovia,-4.055,41.171,3858
2005-9,09,Burgos,-3.586,42.367,11834
2005-9,34,Palencia,-4.535,42.37,7265
2005-9,42,Soria,-2.589,41.621,2292
2005-9,07,Castilla León,-4.397,41.835,104891
2005-8,09,Burgos,-3.586,42.367,11778
2005-8,42,Soria,-2.589,41.621,2266
2005-8,47,Valladolid,-4.847,41.634,23908
2005-8,05,Ávila,-4.946,40.571,6433
2005-8,37,Salamanca,-6.066,40.805,17485
2005-8,40,Segovia,-4.055,41.171,3790
2005-8,49,Zamora,-5.979,41.727,8833
2005-8,07,Castilla León,-4.397,41.835,103787
2005-8,24,León,-5.841,42.62,21991
2005-8,34,Palencia,-4.535,42.37,7303
2005-7,24,León,-5.841,42.62,22832
2005-7,37,Salamanca,-6.066,40.805,17649
2005-7,07,Castilla León,-4.397,41.835,104757
2005-7,09,Burgos,-3.586,42.367,11603
2005-7,40,Segovia,-4.055,41.171,3849
2005-7,42,Soria,-2.589,41.621,2237
2005-7,47,Valladolid,-4.847,41.634,23596
2005-7,05,Ávila,-4.946,40.571,6353
2005-7,34,Palencia,-4.535,42.37,7431
2005-7,49,Zamora,-5.979,41.727,9207
2005-6,09,Burgos,-3.586,42.367,11682
2005-6,24,León,-5.841,42.62,23421
2005-6,34,Palencia,-4.535,42.37,7622
2005-6,49,Zamora,-5.979,41.727,9695
2005-6,37,Salamanca,-6.066,40.805,18397
2005-6,42,Soria,-2.589,41.621,2305
2005-6,47,Valladolid,-4.847,41.634,23881
2005-6,07,Castilla León,-4.397,41.835,107566
2005-6,05,Ávila,-4.946,40.571,6497
2005-6,40,Segovia,-4.055,41.171,4066
2005-5,09,Burgos,-3.586,42.367,11951
2005-5,42,Soria,-2.589,41.621,2303
2005-5,47,Valladolid,-4.847,41.634,25035
2005-5,05,Ávila,-4.946,40.571,6633
2005-5,24,León,-5.841,42.62,24295
2005-5,34,Palencia,-4.535,42.37,7767
2005-5,37,Salamanca,-6.066,40.805,19031
2005-5,40,Segovia,-4.055,41.171,4264
2005-5,49,Zamora,-5.979,41.727,9925
2005-5,07,Castilla León,-4.397,41.835,111204
2005-4,37,Salamanca,-6.066,40.805,20003
2005-4,40,Segovia,-4.055,41.171,4409
2005-4,05,Ávila,-4.946,40.571,7079
2005-4,09,Burgos,-3.586,42.367,13065
2005-4,47,Valladolid,-4.847,41.634,26950
2005-4,07,Castilla León,-4.397,41.835,118243
2005-4,24,León,-5.841,42.62,25399
2005-4,34,Palencia,-4.535,42.37,8389
2005-4,42,Soria,-2.589,41.621,2493
2005-4,49,Zamora,-5.979,41.727,10456
2005-3,34,Palencia,-4.535,42.37,8947
2005-3,37,Salamanca,-6.066,40.805,20771
2005-3,40,Segovia,-4.055,41.171,4568
2005-3,42,Soria,-2.589,41.621,2708
2005-3,49,Zamora,-5.979,41.727,10692
2005-3,09,Burgos,-3.586,42.367,13736
2005-3,47,Valladolid,-4.847,41.634,27378
2005-3,05,Ávila,-4.946,40.571,7273
2005-3,24,León,-5.841,42.62,25748
2005-3,07,Castilla León,-4.397,41.835,121821
2005-2,09,Burgos,-3.586,42.367,14215
2005-2,24,León,-5.841,42.62,26259
2005-2,05,Ávila,-4.946,40.571,7267
2005-2,34,Palencia,-4.535,42.37,8968
2005-2,07,Castilla León,-4.397,41.835,123338
2005-2,37,Salamanca,-6.066,40.805,20935
2005-2,40,Segovia,-4.055,41.171,4488
2005-2,42,Soria,-2.589,41.621,2880
2005-2,47,Valladolid,-4.847,41.634,27371
2005-2,49,Zamora,-5.979,41.727,10955
2005-1,05,Ávila,-4.946,40.571,7211
2005-1,40,Segovia,-4.055,41.171,4566
2005-1,09,Burgos,-3.586,42.367,14071
2005-1,34,Palencia,-4.535,42.37,9029
2005-1,37,Salamanca,-6.066,40.805,20937
2005-1,42,Soria,-2.589,41.621,2835
2005-1,24,León,-5.841,42.62,26174
2005-1,47,Valladolid,-4.847,41.634,27149
2005-1,49,Zamora,-5.979,41.727,11136
2005-1,07,Castilla León,-4.397,41.835,123108
2004-12,05,Ávila,-4.946,40.571,6921
2004-12,09,Burgos,-3.586,42.367,13307
2004-12,24,León,-5.841,42.62,24949
2004-12,37,Salamanca,-6.066,40.805,20451
2004-12,40,Segovia,-4.055,41.171,4211
2004-12,07,Castilla León,-4.397,41.835,117146
2004-12,34,Palencia,-4.535,42.37,8655
2004-12,42,Soria,-2.589,41.621,2681
2004-12,47,Valladolid,-4.847,41.634,25325
2004-12,49,Zamora,-5.979,41.727,10645
2004-11,09,Burgos,-3.586,42.367,13032
2004-11,47,Valladolid,-4.847,41.634,24981
2004-11,49,Zamora,-5.979,41.727,10109
2004-11,05,Ávila,-4.946,40.571,7032
2004-11,24,León,-5.841,42.62,24800
2004-11,34,Palencia,-4.535,42.37,8353
2004-11,42,Soria,-2.589,41.621,2658
2004-11,37,Salamanca,-6.066,40.805,20377
2004-11,40,Segovia,-4.055,41.171,4115
2004-11,07,Castilla León,-4.397,41.835,115457
2004-10,40,Segovia,-4.055,41.171,3837
2004-10,49,Zamora,-5.979,41.727,9864
2004-10,07,Castilla León,-4.397,41.835,111157
2004-10,34,Palencia,-4.535,42.37,7808
2004-10,37,Salamanca,-6.066,40.805,19360
2004-10,47,Valladolid,-4.847,41.634,24499
2004-10,05,Ávila,-4.946,40.571,6577
2004-10,09,Burgos,-3.586,42.367,12720
2004-10,24,León,-5.841,42.62,23950
2004-10,42,Soria,-2.589,41.621,2544
2004-9,24,León,-5.841,42.62,23556
2004-9,07,Castilla León,-4.397,41.835,108788
2004-9,09,Burgos,-3.586,42.367,12144
2004-9,37,Salamanca,-6.066,40.805,18348
2004-9,42,Soria,-2.589,41.621,2276
2004-9,49,Zamora,-5.979,41.727,9278
2004-9,05,Ávila,-4.946,40.571,6600
2004-9,34,Palencia,-4.535,42.37,7879
2004-9,40,Segovia,-4.055,41.171,3845
2004-9,47,Valladolid,-4.847,41.634,24862
2004-8,24,León,-5.841,42.62,22923
2004-8,34,Palencia,-4.535,42.37,7568
2004-8,05,Ávila,-4.946,40.571,6313
2004-8,09,Burgos,-3.586,42.367,11846
2004-8,37,Salamanca,-6.066,40.805,17491
2004-8,40,Segovia,-4.055,41.171,3659
2004-8,42,Soria,-2.589,41.621,2121
2004-8,49,Zamora,-5.979,41.727,9045
2004-8,47,Valladolid,-4.847,41.634,24382
2004-8,07,Castilla León,-4.397,41.835,105347
2004-7,05,Ávila,-4.946,40.571,6199
2004-7,09,Burgos,-3.586,42.367,11676
2004-7,24,León,-5.841,42.62,22932
2004-7,34,Palencia,-4.535,42.37,7675
2004-7,49,Zamora,-5.979,41.727,9208
2004-7,07,Castilla León,-4.397,41.835,105034
2004-7,37,Salamanca,-6.066,40.805,17567
2004-7,47,Valladolid,-4.847,41.634,23912
2004-7,40,Segovia,-4.055,41.171,3723
2004-7,42,Soria,-2.589,41.621,2141
2004-6,09,Burgos,-3.586,42.367,12257
2004-6,37,Salamanca,-6.066,40.805,19302
2004-6,40,Segovia,-4.055,41.171,4017
2004-6,42,Soria,-2.589,41.621,2273
2004-6,07,Castilla León,-4.397,41.835,112937
2004-6,05,Ávila,-4.946,40.571,6820
2004-6,24,León,-5.841,42.62,24616
2004-6,49,Zamora,-5.979,41.727,10009
2004-6,34,Palencia,-4.535,42.37,8155
2004-6,47,Valladolid,-4.847,41.634,25487
2004-5,05,Ávila,-4.946,40.571,6983
2004-5,09,Burgos,-3.586,42.367,12532
2004-5,24,León,-5.841,42.62,25536
2004-5,34,Palencia,-4.535,42.37,8419
2004-5,07,Castilla León,-4.397,41.835,118134
2004-5,47,Valladolid,-4.847,41.634,26980
2004-5,49,Zamora,-5.979,41.727,10671
2004-5,37,Salamanca,-6.066,40.805,20341
2004-5,40,Segovia,-4.055,41.171,4239
2004-5,42,Soria,-2.589,41.621,2432
2004-4,24,León,-5.841,42.62,25814
2004-4,37,Salamanca,-6.066,40.805,20975
2004-4,09,Burgos,-3.586,42.367,13284
2004-4,34,Palencia,-4.535,42.37,8829
2004-4,47,Valladolid,-4.847,41.634,28456
2004-4,49,Zamora,-5.979,41.727,10992
2004-4,05,Ávila,-4.946,40.571,7305
2004-4,40,Segovia,-4.055,41.171,4471
2004-4,42,Soria,-2.589,41.621,2457
2004-4,07,Castilla León,-4.397,41.835,122584
2004-3,24,León,-5.841,42.62,26180
2004-3,37,Salamanca,-6.066,40.805,21976
2004-3,40,Segovia,-4.055,41.171,4536
2004-3,05,Ávila,-4.946,40.571,7483
2004-3,34,Palencia,-4.535,42.37,9533
2004-3,42,Soria,-2.589,41.621,2609
2004-3,47,Valladolid,-4.847,41.634,29346
2004-3,49,Zamora,-5.979,41.727,10993
2004-3,09,Burgos,-3.586,42.367,14111
2004-3,07,Castilla León,-4.397,41.835,126767
2004-2,24,León,-5.841,42.62,26590
2004-2,40,Segovia,-4.055,41.171,4632
2004-2,49,Zamora,-5.979,41.727,11218
2004-2,37,Salamanca,-6.066,40.805,22456
2004-2,05,Ávila,-4.946,40.571,7811
2004-2,09,Burgos,-3.586,42.367,14783
2004-2,34,Palencia,-4.535,42.37,9637
2004-2,42,Soria,-2.589,41.621,2769
2004-2,47,Valladolid,-4.847,41.634,29701
2004-2,07,Castilla León,-4.397,41.835,129598
2004-1,05,Ávila,-4.946,40.571,7860
2004-1,34,Palencia,-4.535,42.37,9701
2004-1,37,Salamanca,-6.066,40.805,22397
2004-1,40,Segovia,-4.055,41.171,4725
2004-1,09,Burgos,-3.586,42.367,14592
2004-1,24,León,-5.841,42.62,26778
2004-1,49,Zamora,-5.979,41.727,11395
2004-1,42,Soria,-2.589,41.621,2799
2004-1,47,Valladolid,-4.847,41.634,29745
2004-1,07,Castilla León,-4.397,41.835,129992
2003-12,05,Ávila,-4.946,40.571,7709
2003-12,09,Burgos,-3.586,42.367,13734
2003-12,07,Castilla León,-4.397,41.835,123232
2003-12,34,Palencia,-4.535,42.37,9252
2003-12,37,Salamanca,-6.066,40.805,21580
2003-12,40,Segovia,-4.055,41.171,4480
2003-12,42,Soria,-2.589,41.621,2610
2003-12,49,Zamora,-5.979,41.727,11017
2003-12,24,León,-5.841,42.62,25356
2003-12,47,Valladolid,-4.847,41.634,27494
2003-11,24,León,-5.841,42.62,24391
2003-11,34,Palencia,-4.535,42.37,8649
2003-11,40,Segovia,-4.055,41.171,4335
2003-11,47,Valladolid,-4.847,41.634,26900
2003-11,42,Soria,-2.589,41.621,2498
2003-11,05,Ávila,-4.946,40.571,7273
2003-11,09,Burgos,-3.586,42.367,13389
2003-11,37,Salamanca,-6.066,40.805,20529
2003-11,49,Zamora,-5.979,41.727,9858
2003-11,07,Castilla León,-4.397,41.835,117821
2003-10,05,Ávila,-4.946,40.571,6877
2003-10,37,Salamanca,-6.066,40.805,19538
2003-10,07,Castilla León,-4.397,41.835,113408
2003-10,09,Burgos,-3.586,42.367,13186
2003-10,24,León,-5.841,42.62,23751
2003-10,42,Soria,-2.589,41.621,2412
2003-10,49,Zamora,-5.979,41.727,9324
2003-10,34,Palencia,-4.535,42.37,8324
2003-10,40,Segovia,-4.055,41.171,3878
2003-10,47,Valladolid,-4.847,41.634,26118
2003-9,05,Ávila,-4.946,40.571,6828
2003-9,37,Salamanca,-6.066,40.805,18230
2003-9,40,Segovia,-4.055,41.171,3872
2003-9,49,Zamora,-5.979,41.727,8853
2003-9,07,Castilla León,-4.397,41.835,109494
2003-9,42,Soria,-2.589,41.621,2261
2003-9,47,Valladolid,-4.847,41.634,25860
2003-9,09,Burgos,-3.586,42.367,12468
2003-9,24,León,-5.841,42.62,23049
2003-9,34,Palencia,-4.535,42.37,8072
2003-8,37,Salamanca,-6.066,40.805,17062
2003-8,05,Ávila,-4.946,40.571,6416
2003-8,09,Burgos,-3.586,42.367,12082
2003-8,40,Segovia,-4.055,41.171,3752
2003-8,42,Soria,-2.589,41.621,2063
2003-8,47,Valladolid,-4.847,41.634,25033
2003-8,49,Zamora,-5.979,41.727,8839
2003-8,07,Castilla León,-4.397,41.835,105628
2003-8,24,León,-5.841,42.62,22502
2003-8,34,Palencia,-4.535,42.37,7879
2003-7,42,Soria,-2.589,41.621,2077
2003-7,09,Burgos,-3.586,42.367,12045
2003-7,47,Valladolid,-4.847,41.634,24919
2003-7,49,Zamora,-5.979,41.727,8947
2003-7,05,Ávila,-4.946,40.571,6299
2003-7,24,León,-5.841,42.62,22993
2003-7,34,Palencia,-4.535,42.37,7854
2003-7,37,Salamanca,-6.066,40.805,16846
2003-7,40,Segovia,-4.055,41.171,3825
2003-7,07,Castilla León,-4.397,41.835,105806
2003-6,09,Burgos,-3.586,42.367,12662
2003-6,24,León,-5.841,42.62,24083
2003-6,42,Soria,-2.589,41.621,2172
2003-6,47,Valladolid,-4.847,41.634,25898
2003-6,34,Palencia,-4.535,42.37,7983
2003-6,37,Salamanca,-6.066,40.805,17801
2003-6,49,Zamora,-5.979,41.727,9627
2003-6,05,Ávila,-4.946,40.571,6755
2003-6,40,Segovia,-4.055,41.171,4143
2003-6,07,Castilla León,-4.397,41.835,111124
2003-5,05,Ávila,-4.946,40.571,6780
2003-5,49,Zamora,-5.979,41.727,9991
2003-5,07,Castilla León,-4.397,41.835,114377
2003-5,09,Burgos,-3.586,42.367,12832
2003-5,24,León,-5.841,42.62,24825
2003-5,34,Palencia,-4.535,42.37,8303
2003-5,37,Salamanca,-6.066,40.805,18303
2003-5,47,Valladolid,-4.847,41.634,26779
2003-5,40,Segovia,-4.055,41.171,4299
2003-5,42,Soria,-2.589,41.621,2265
2003-4,34,Palencia,-4.535,42.37,8865
2003-4,37,Salamanca,-6.066,40.805,19734
2003-4,05,Ávila,-4.946,40.571,7023
2003-4,47,Valladolid,-4.847,41.634,27885
2003-4,07,Castilla León,-4.397,41.835,120124
2003-4,09,Burgos,-3.586,42.367,13287
2003-4,24,León,-5.841,42.62,25818
2003-4,40,Segovia,-4.055,41.171,4521
2003-4,42,Soria,-2.589,41.621,2450
2003-4,49,Zamora,-5.979,41.727,10541
2003-3,40,Segovia,-4.055,41.171,4647
2003-3,42,Soria,-2.589,41.621,2457
2003-3,49,Zamora,-5.979,41.727,10702
2003-3,05,Ávila,-4.946,40.571,7181
2003-3,24,León,-5.841,42.62,26288
2003-3,09,Burgos,-3.586,42.367,13921
2003-3,34,Palencia,-4.535,42.37,9210
2003-3,37,Salamanca,-6.066,40.805,20598
2003-3,47,Valladolid,-4.847,41.634,28382
2003-3,07,Castilla León,-4.397,41.835,123386
2003-2,34,Palencia,-4.535,42.37,9461
2003-2,37,Salamanca,-6.066,40.805,21329
2003-2,40,Segovia,-4.055,41.171,4644
2003-2,42,Soria,-2.589,41.621,2758
2003-2,05,Ávila,-4.946,40.571,7085
2003-2,09,Burgos,-3.586,42.367,14925
2003-2,47,Valladolid,-4.847,41.634,28440
2003-2,07,Castilla León,-4.397,41.835,126078
2003-2,24,León,-5.841,42.62,26463
2003-2,49,Zamora,-5.979,41.727,10972
2003-1,05,Ávila,-4.946,40.571,7173
2003-1,34,Palencia,-4.535,42.37,9484
2003-1,37,Salamanca,-6.066,40.805,21197
2003-1,40,Segovia,-4.055,41.171,4746
2003-1,47,Valladolid,-4.847,41.634,28268
2003-1,24,León,-5.841,42.62,26513
2003-1,42,Soria,-2.589,41.621,2775
2003-1,09,Burgos,-3.586,42.367,14969
2003-1,49,Zamora,-5.979,41.727,11117
2003-1,07,Castilla León,-4.397,41.835,126244
2002-12,05,Ávila,-4.946,40.571,7033
2002-12,24,León,-5.841,42.62,25093
2002-12,42,Soria,-2.589,41.621,2549
2002-12,49,Zamora,-5.979,41.727,10242
2002-12,40,Segovia,-4.055,41.171,4303
2002-12,47,Valladolid,-4.847,41.634,26657
2002-12,09,Burgos,-3.586,42.367,13957
2002-12,34,Palencia,-4.535,42.37,8938
2002-12,37,Salamanca,-6.066,40.805,19807
2002-12,07,Castilla León,-4.397,41.835,118580
2002-11,34,Palencia,-4.535,42.37,8516
2002-11,40,Segovia,-4.055,41.171,4203
2002-11,42,Soria,-2.589,41.621,2569
2002-11,07,Castilla León,-4.397,41.835,117005
2002-11,05,Ávila,-4.946,40.571,7041
2002-11,49,Zamora,-5.979,41.727,9710
2002-11,09,Burgos,-3.586,42.367,14104
2002-11,24,León,-5.841,42.62,24826
2002-11,37,Salamanca,-6.066,40.805,19631
2002-11,47,Valladolid,-4.847,41.634,26404
2002-10,09,Burgos,-3.586,42.367,13554
2002-10,34,Palencia,-4.535,42.37,8131
2002-10,05,Ávila,-4.946,40.571,6744
2002-10,37,Salamanca,-6.066,40.805,19287
2002-10,40,Segovia,-4.055,41.171,3949
2002-10,47,Valladolid,-4.847,41.634,25834
2002-10,49,Zamora,-5.979,41.727,9312
2002-10,07,Castilla León,-4.397,41.835,113373
2002-10,24,León,-5.841,42.62,24023
2002-10,42,Soria,-2.589,41.621,2538
2002-9,24,León,-5.841,42.62,23132
2002-9,47,Valladolid,-4.847,41.634,26036
2002-9,05,Ávila,-4.946,40.571,6743
2002-9,40,Segovia,-4.055,41.171,4022
2002-9,42,Soria,-2.589,41.621,2319
2002-9,07,Castilla León,-4.397,41.835,110616
2002-9,09,Burgos,-3.586,42.367,13115
2002-9,34,Palencia,-4.535,42.37,8058
2002-9,37,Salamanca,-6.066,40.805,18220
2002-9,49,Zamora,-5.979,41.727,8971
2002-8,24,León,-5.841,42.62,22380
2002-8,47,Valladolid,-4.847,41.634,25201
2002-8,49,Zamora,-5.979,41.727,8861
2002-8,07,Castilla León,-4.397,41.835,106316
2002-8,05,Ávila,-4.946,40.571,6168
2002-8,34,Palencia,-4.535,42.37,7656
2002-8,37,Salamanca,-6.066,40.805,17438
2002-8,42,Soria,-2.589,41.621,2252
2002-8,09,Burgos,-3.586,42.367,12487
2002-8,40,Segovia,-4.055,41.171,3874
2002-7,24,León,-5.841,42.62,22853
2002-7,40,Segovia,-4.055,41.171,4021
2002-7,47,Valladolid,-4.847,41.634,24949
2002-7,49,Zamora,-5.979,41.727,8991
2002-7,05,Ávila,-4.946,40.571,6211
2002-7,34,Palencia,-4.535,42.37,7863
2002-7,37,Salamanca,-6.066,40.805,17329
2002-7,42,Soria,-2.589,41.621,2269
2002-7,09,Burgos,-3.586,42.367,12428
2002-7,07,Castilla León,-4.397,41.835,106913
2002-6,37,Salamanca,-6.066,40.805,17984
2002-6,42,Soria,-2.589,41.621,2313
2002-6,05,Ávila,-4.946,40.571,6734
2002-6,09,Burgos,-3.586,42.367,12819
2002-6,34,Palencia,-4.535,42.37,8185
2002-6,40,Segovia,-4.055,41.171,4390
2002-6,49,Zamora,-5.979,41.727,9177
2002-6,24,León,-5.841,42.62,23831
2002-6,47,Valladolid,-4.847,41.634,25708
2002-6,07,Castilla León,-4.397,41.835,111141
2002-5,24,León,-5.841,42.62,24669
2002-5,37,Salamanca,-6.066,40.805,18478
2002-5,42,Soria,-2.589,41.621,2514
2002-5,47,Valladolid,-4.847,41.634,26653
2002-5,05,Ávila,-4.946,40.571,6881
2002-5,09,Burgos,-3.586,42.367,13190
2002-5,40,Segovia,-4.055,41.171,4476
2002-5,34,Palencia,-4.535,42.37,8369
2002-5,49,Zamora,-5.979,41.727,9414
2002-5,07,Castilla León,-4.397,41.835,114644
2002-4,09,Burgos,-3.586,42.367,13620
2002-4,24,León,-5.841,42.62,25412
2002-4,47,Valladolid,-4.847,41.634,27666
2002-4,49,Zamora,-5.979,41.727,9733
2002-4,07,Castilla León,-4.397,41.835,118343
2002-4,05,Ávila,-4.946,40.571,7037
2002-4,34,Palencia,-4.535,42.37,8605
2002-4,37,Salamanca,-6.066,40.805,19123
2002-4,40,Segovia,-4.055,41.171,4571
2002-4,42,Soria,-2.589,41.621,2577
2002-3,42,Soria,-2.589,41.621,2553
2002-3,49,Zamora,-5.979,41.727,10213
2002-3,24,León,-5.841,42.62,25553
2002-3,34,Palencia,-4.535,42.37,9108
2002-3,40,Segovia,-4.055,41.171,4689
2002-3,47,Valladolid,-4.847,41.634,27849
2002-3,05,Ávila,-4.946,40.571,7332
2002-3,09,Burgos,-3.586,42.367,14121
2002-3,37,Salamanca,-6.066,40.805,20041
2002-3,07,Castilla León,-4.397,41.835,121459
2002-2,09,Burgos,-3.586,42.367,15700
2002-2,34,Palencia,-4.535,42.37,9859
2002-2,37,Salamanca,-6.066,40.805,21214
2002-2,40,Segovia,-4.055,41.171,5173
2002-2,42,Soria,-2.589,41.621,3152
2002-2,05,Ávila,-4.946,40.571,8110
2002-2,24,León,-5.841,42.62,26637
2002-2,49,Zamora,-5.979,41.727,11590
2002-2,07,Castilla León,-4.397,41.835,131098
2002-2,47,Valladolid,-4.847,41.634,29662
2002-1,09,Burgos,-3.586,42.367,14739
2002-1,47,Valladolid,-4.847,41.634,28046
2002-1,07,Castilla León,-4.397,41.835,123824
2002-1,05,Ávila,-4.946,40.571,7202
2002-1,34,Palencia,-4.535,42.37,9651
2002-1,37,Salamanca,-6.066,40.805,20144
2002-1,40,Segovia,-4.055,41.171,4901
2002-1,49,Zamora,-5.979,41.727,10608
2002-1,24,León,-5.841,42.62,25684
2002-1,42,Soria,-2.589,41.621,2849
